lab_start_dt,subscriberid,simserial,deviceid,lab_end_dt,lab_sample_type,lab_id,lab_id_val,lab_processing,lab_incubator_placed,lab_incubator_removed,lab_analysis,lab_p_weight,lab_sf_weight,lab_pa_weight,lab_1_group/lab_1_dil_tested,lab_1_group/lab_1_volume,lab_1_ecoli_reading_membrane,lab_1_ecoli_membrane,lab_1_ecoli_reading_idexx,lab_1_ecoli_big_idexx,lab_1_ecoli_small_idexx,lab_2_group/lab_2_dil_tested,lab_2_group/lab_2_volume,lab_2_ecoli_reading_membrane,lab_2_ecoli_membrane,lab_2_ecoli_reading_idexx,lab_2_ecoli_big_idexx,lab_2_ecoli_small_idexx,lab_3_dilution_performed,lab_3_group/lab_3_dil_tested,lab_3_group/lab_3_volume,lab_3_ecoli_reading_membrane,lab_3_ecoli_membrane,lab_3_ecoli_reading_idexx,lab_3_ecoli_big_idexx,lab_3_ecoli_small_idexx,lab_notes,lab_enum,lab_photo,__version__,meta/instanceID,_uuid,_submission_time,_tags,_notes
2017-10-11T16:51:04.000-04:00,subscriberid not found,simserial not found,enketo.sanipath.org:dyQQk1dqzCjRGXb4,2017-10-18T16:06:15.000-04:00,7,1001,1001,2017-04-09T14:50:00.000-04:00,2017-04-09T16:30:00.000-04:00,2017-04-10T16:30:00.000-04:00,1,n/a,n/a,n/a,7,10,n/a,n/a,2,0,0,6,1,n/a,n/a,2,0,0,0,n/a,n/a,n/a,n/a,n/a,n/a,n/a,n/a,AH/SD,0,vYbph753FndrnXyBy6LDvN,uuid:257f0e0d-174d-414e-958d-df7e1899379b,257f0e0d-174d-414e-958d-df7e1899379b,2017-10-11T21:00:05,,
2017-10-13T14:41:44.000-04:00,subscriberid not found,simserial not found,enketo.sanipath.org:ytqR2j5axGiisKhP,2017-10-18T16:06:26.000-04:00,7,1002,1002,2017-04-09T14:50:00.000-04:00,2017-04-09T16:30:00.000-04:00,2017-04-10T16:30:00.000-04:00,1,n/a,n/a,n/a,7,10,n/a,n/a,2,0,0,6,1,n/a,n/a,2,0,0,0,n/a,n/a,n/a,n/a,n/a,n/a,n/a,n/a,AH/SD,0,vYbph753FndrnXyBy6LDvN,uuid:81ecb056-8e5a-4299-8d17-5ee583b863e8,81ecb056-8e5a-4299-8d17-5ee583b863e8,2017-10-13T18:51:17,,
2017-10-13T14:51:12.000-04:00,subscriberid not found,simserial not found,enketo.sanipath.org:ytqR2j5axGiisKhP,2017-10-18T16:06:38.000-04:00,7,1003,1003,2017-04-09T14:50:00.000-04:00,2017-04-09T16:30:00.000-04:00,2017-04-10T16:30:00.000-04:00,1,n/a,n/a,n/a,7,10,n/a,n/a,2,0,0,6,1,n/a,n/a,2,0,0,0,n/a,n/a,n/a,n/a,n/a,n/a,n/a,n/a,AH/SD,0,vYbph753FndrnXyBy6LDvN,uuid:69043b0c-c84f-4cf5-833d-a3aaa0acb683,69043b0c-c84f-4cf5-833d-a3aaa0acb683,2017-10-13T18:56:51,,
2017-10-13T14:58:01.000-04:00,subscriberid not found,simserial not found,enketo.sanipath.org:ytqR2j5axGiisKhP,2017-10-18T16:06:46.000-04:00,9,1004,1004,2017-04-09T14:30:00.000-04:00,2017-04-09T16:30:00.000-04:00,2017-04-10T16:30:00.000-04:00,1,n/a,n/a,n/a,7,100,n/a,n/a,2,35,44,7,10,n/a,n/a,2,33,10,0,n/a,n/a,n/a,n/a,n/a,n/a,n/a,n/a,AH/SD,0,vYbph753FndrnXyBy6LDvN,uuid:7ce2f73b-ee66-41c7-96ff-7a3d9e4785b8,7ce2f73b-ee66-41c7-96ff-7a3d9e4785b8,2017-10-13T19:08:46,,
2017-10-13T15:08:41.000-04:00,subscriberid not found,simserial not found,enketo.sanipath.org:ytqR2j5axGiisKhP,2017-10-18T16:06:54.000-04:00,3,1005,1005,2017-04-10T15:00:00.000-04:00,2017-04-10T16:20:00.000-04:00,2017-04-11T16:20:00.000-04:00,1,n/a,n/a,n/a,7,100,n/a,n/a,2,0,0,7,10,n/a,n/a,2,0,0,0,n/a,n/a,n/a,n/a,n/a,n/a,n/a,n/a,AH/SD,0,vYbph753FndrnXyBy6LDvN,uuid:0d663428-a1a7-4c87-9d2a-995366225c4b,0d663428-a1a7-4c87-9d2a-995366225c4b,2017-10-13T19:13:08,,
2017-10-13T15:13:03.000-04:00,subscriberid not found,simserial not found,enketo.sanipath.org:ytqR2j5axGiisKhP,2017-10-18T16:07:01.000-04:00,8,1006,1006,2017-04-09T15:00:00.000-04:00,2017-04-09T17:00:00.000-04:00,2017-04-10T17:00:00.000-04:00,1,n/a,n/a,10.48,7,1,n/a,n/a,2,49,30,6,1,n/a,n/a,2,30,3,1,5,1,n/a,n/a,2,5,0,n/a,AH/SD,0,vYbph753FndrnXyBy6LDvN,uuid:7098032e-7803-4cff-870c-19750a857db6,7098032e-7803-4cff-870c-19750a857db6,2017-10-13T19:16:03,,
2017-10-13T15:15:58.000-04:00,subscriberid not found,simserial not found,enketo.sanipath.org:ytqR2j5axGiisKhP,2017-10-18T16:07:09.000-04:00,1,1007,1007,2017-04-09T14:45:00.000-04:00,2017-04-09T16:30:00.000-04:00,2017-04-10T16:30:00.000-04:00,1,n/a,n/a,n/a,4,1,n/a,n/a,2,28,3,3,1,n/a,n/a,2,6,0,0,n/a,n/a,n/a,n/a,n/a,n/a,n/a,n/a,AH/SD,0,vYbph753FndrnXyBy6LDvN,uuid:311ae61e-314f-4ae4-a787-ce6c50fe79f4,311ae61e-314f-4ae4-a787-ce6c50fe79f4,2017-10-13T19:17:50,,
2017-10-13T15:17:45.000-04:00,subscriberid not found,simserial not found,enketo.sanipath.org:ytqR2j5axGiisKhP,2017-10-18T16:07:16.000-04:00,3,1008,1008,2017-04-09T15:10:00.000-04:00,2017-04-09T16:30:00.000-04:00,2017-04-10T16:30:00.000-04:00,1,n/a,n/a,n/a,7,100,n/a,n/a,2,6,1,7,10,n/a,n/a,2,4,0,0,n/a,n/a,n/a,n/a,n/a,n/a,n/a,n/a,AH/SD,0,vYbph753FndrnXyBy6LDvN,uuid:b6b60c5b-3832-4b32-85bd-c57f222e4100,b6b60c5b-3832-4b32-85bd-c57f222e4100,2017-10-13T19:19:21,,
2017-10-13T15:19:16.000-04:00,subscriberid not found,simserial not found,enketo.sanipath.org:ytqR2j5axGiisKhP,2017-10-18T16:07:24.000-04:00,9,1009,1009,2017-04-09T14:30:00.000-04:00,2017-04-09T16:30:00.000-04:00,2017-04-10T16:30:00.000-04:00,1,n/a,n/a,n/a,7,100,n/a,n/a,2,35,3,7,10,n/a,n/a,2,1,1,0,n/a,n/a,n/a,n/a,n/a,n/a,n/a,n/a,AH/SD,0,vYbph753FndrnXyBy6LDvN,uuid:3cd413e1-017c-496f-8e08-c7547acfd7ea,3cd413e1-017c-496f-8e08-c7547acfd7ea,2017-10-13T19:21:25,,
2017-10-13T15:21:20.000-04:00,subscriberid not found,simserial not found,enketo.sanipath.org:ytqR2j5axGiisKhP,2017-10-18T16:07:32.000-04:00,8,1010,1010,2017-04-09T15:00:00.000-04:00,2017-04-09T17:00:00.000-04:00,2017-04-10T17:00:00.000-04:00,1,n/a,n/a,10.22,7,1,n/a,n/a,2,49,29,6,1,n/a,n/a,2,32,6,1,5,1,n/a,n/a,2,5,1,n/a,AH/SD,0,vYbph753FndrnXyBy6LDvN,uuid:743f396b-5061-4a51-a0b4-7fc5d2ccadb3,743f396b-5061-4a51-a0b4-7fc5d2ccadb3,2017-10-13T19:27:14,,
2017-10-13T15:27:09.000-04:00,subscriberid not found,simserial not found,enketo.sanipath.org:ytqR2j5axGiisKhP,2017-10-18T16:07:39.000-04:00,1,1011,1011,2017-04-09T14:45:00.000-04:00,2017-04-09T16:30:00.000-04:00,2017-04-10T16:30:00.000-04:00,1,n/a,n/a,n/a,4,1,n/a,n/a,2,2,1,3,1,n/a,n/a,2,0,0,0,n/a,n/a,n/a,n/a,n/a,n/a,n/a,n/a,AH/SD,0,vYbph753FndrnXyBy6LDvN,uuid:9141c4bf-dd38-453b-9d4b-4b44ecf04ef5,9141c4bf-dd38-453b-9d4b-4b44ecf04ef5,2017-10-13T19:28:56,,
2017-10-13T15:28:51.000-04:00,subscriberid not found,simserial not found,enketo.sanipath.org:ytqR2j5axGiisKhP,2017-10-18T16:07:46.000-04:00,9,1012,1012,2017-04-09T14:30:00.000-04:00,2017-04-09T16:30:00.000-04:00,2017-04-10T16:30:00.000-04:00,1,n/a,n/a,n/a,7,100,n/a,n/a,2,49,48,7,10,n/a,n/a,2,49,24,0,n/a,n/a,n/a,n/a,n/a,n/a,n/a,Tray 1: TDTC* reading,AH/SD,0,vYbph753FndrnXyBy6LDvN,uuid:20cf3eba-124a-4579-8d2f-3e4ad61d827f,20cf3eba-124a-4579-8d2f-3e4ad61d827f,2017-10-13T19:31:01,,
2017-10-13T15:30:56.000-04:00,subscriberid not found,simserial not found,enketo.sanipath.org:ytqR2j5axGiisKhP,2017-10-18T16:07:54.000-04:00,3,1013,1013,2017-04-09T15:10:00.000-04:00,2017-04-09T16:30:00.000-04:00,2017-04-10T16:30:00.000-04:00,1,n/a,n/a,n/a,7,100,n/a,n/a,2,10,1,7,10,n/a,n/a,2,0,0,0,n/a,n/a,n/a,n/a,n/a,n/a,n/a,n/a,AH/SD,0,vYbph753FndrnXyBy6LDvN,uuid:013f173d-6fc8-478f-a02f-3b66e344585e,013f173d-6fc8-478f-a02f-3b66e344585e,2017-10-13T19:32:32,,
2017-10-13T15:32:27.000-04:00,subscriberid not found,simserial not found,enketo.sanipath.org:ytqR2j5axGiisKhP,2017-10-18T16:08:02.000-04:00,1,1014,1014,2017-04-09T14:45:00.000-04:00,2017-04-09T16:30:00.000-04:00,2017-04-10T16:30:00.000-04:00,1,n/a,n/a,n/a,4,1,n/a,n/a,2,32,6,3,1,n/a,n/a,2,9,1,0,n/a,n/a,n/a,n/a,n/a,n/a,n/a,n/a,AH/SD,0,vYbph753FndrnXyBy6LDvN,uuid:bb6ad728-3402-446c-bdab-288673fe4771,bb6ad728-3402-446c-bdab-288673fe4771,2017-10-13T19:33:56,,
2017-10-13T15:33:51.000-04:00,subscriberid not found,simserial not found,enketo.sanipath.org:ytqR2j5axGiisKhP,2017-10-18T16:08:11.000-04:00,1,1016,1016,2017-04-09T13:00:00.000-04:00,2017-04-09T16:20:00.000-04:00,2017-04-10T16:20:00.000-04:00,1,n/a,n/a,n/a,4,1,n/a,n/a,2,48,21,3,1,n/a,n/a,2,10,1,0,n/a,n/a,n/a,n/a,n/a,n/a,n/a,n/a,AH/SD,0,vYbph753FndrnXyBy6LDvN,uuid:4b103e6c-48bf-4e4f-ae6e-0a7b59e66321,4b103e6c-48bf-4e4f-ae6e-0a7b59e66321,2017-10-13T19:39:44,,
2017-10-13T15:39:39.000-04:00,subscriberid not found,simserial not found,enketo.sanipath.org:ytqR2j5axGiisKhP,2017-10-18T16:08:18.000-04:00,8,1017,1017,2017-04-10T11:30:00.000-04:00,2017-04-10T16:20:00.000-04:00,2017-04-11T16:20:00.000-04:00,1,n/a,n/a,9.52,7,1,n/a,n/a,2,49,44,6,1,n/a,n/a,2,46,14,1,4,1,n/a,n/a,2,13,0,n/a,AH/SD,0,vYbph753FndrnXyBy6LDvN,uuid:3b04942d-0e9a-486f-83ce-05a4fa467633,3b04942d-0e9a-486f-83ce-05a4fa467633,2017-10-13T19:41:38,,
2017-10-13T15:41:33.000-04:00,subscriberid not found,simserial not found,enketo.sanipath.org:ytqR2j5axGiisKhP,2017-10-18T16:08:25.000-04:00,9,1018,1018,2017-04-10T15:00:00.000-04:00,2017-04-10T16:20:00.000-04:00,2017-04-11T16:20:00.000-04:00,1,n/a,n/a,n/a,7,100,n/a,n/a,2,49,35,7,10,n/a,n/a,2,37,7,0,n/a,n/a,n/a,n/a,n/a,n/a,n/a,n/a,AH/SD,0,vYbph753FndrnXyBy6LDvN,uuid:1543ff4e-8ccd-4e21-b762-4aea2f142c0b,1543ff4e-8ccd-4e21-b762-4aea2f142c0b,2017-10-13T19:43:05,,
2017-10-13T15:42:59.000-04:00,subscriberid not found,simserial not found,enketo.sanipath.org:ytqR2j5axGiisKhP,2017-10-18T16:08:43.000-04:00,7,1019,1019,2017-04-10T11:15:00.000-04:00,2017-04-10T13:35:00.000-04:00,2017-04-11T13:30:00.000-04:00,1,n/a,n/a,n/a,7,10,n/a,n/a,2,0,0,6,1,n/a,n/a,2,0,0,0,n/a,n/a,n/a,n/a,n/a,n/a,n/a,"No flurocent, yellow large wells were detected",AH/SD,0,vYbph753FndrnXyBy6LDvN,uuid:a0967295-e3e0-449a-a596-39f187673097,a0967295-e3e0-449a-a596-39f187673097,2017-10-13T19:45:13,,
2017-10-13T15:45:07.000-04:00,subscriberid not found,simserial not found,enketo.sanipath.org:ytqR2j5axGiisKhP,2017-10-18T16:08:53.000-04:00,9,1020,1020,2017-04-10T15:00:00.000-04:00,2017-04-10T16:20:00.000-04:00,2017-04-11T16:20:00.000-04:00,1,n/a,n/a,n/a,7,100,n/a,n/a,2,2,0,7,10,n/a,n/a,2,0,0,0,n/a,n/a,n/a,n/a,n/a,n/a,n/a,n/a,AH/SD,0,vYbph753FndrnXyBy6LDvN,uuid:d6df6a92-9816-4dd5-bc70-a6170fee215c,d6df6a92-9816-4dd5-bc70-a6170fee215c,2017-10-13T19:46:38,,
2017-10-13T15:46:33.000-04:00,subscriberid not found,simserial not found,enketo.sanipath.org:ytqR2j5axGiisKhP,2017-10-18T16:09:04.000-04:00,8,1021,1021,2017-04-10T11:30:00.000-04:00,2017-04-10T16:20:00.000-04:00,2017-04-11T16:20:00.000-04:00,1,n/a,n/a,10.2,7,1,n/a,n/a,2,49,44,6,1,n/a,n/a,2,45,20,1,5,1,n/a,n/a,2,12,1,n/a,AH/SD,0,vYbph753FndrnXyBy6LDvN,uuid:23d50684-84c6-47e1-adf8-f7a367f8cc29,23d50684-84c6-47e1-adf8-f7a367f8cc29,2017-10-13T19:48:15,,
2017-10-13T15:48:10.000-04:00,subscriberid not found,simserial not found,enketo.sanipath.org:ytqR2j5axGiisKhP,2017-10-18T16:09:15.000-04:00,1,1022,1022,2017-04-10T15:00:00.000-04:00,2017-04-10T16:20:00.000-04:00,2017-04-11T16:20:00.000-04:00,1,n/a,n/a,n/a,4,1,n/a,n/a,2,47,16,3,1,n/a,n/a,2,13,3,0,n/a,n/a,n/a,n/a,n/a,n/a,n/a,n/a,AH/SD,0,vYbph753FndrnXyBy6LDvN,uuid:df7d1fbc-343e-4ebf-89d7-9ae4fb9b178e,df7d1fbc-343e-4ebf-89d7-9ae4fb9b178e,2017-10-13T19:51:50,,
2017-10-13T15:52:55.000-04:00,subscriberid not found,simserial not found,enketo.sanipath.org:ytqR2j5axGiisKhP,2017-10-18T16:09:27.000-04:00,3,1023,1023,2017-04-10T15:00:00.000-04:00,2017-04-10T16:20:00.000-04:00,2017-04-11T16:20:00.000-04:00,1,n/a,n/a,n/a,7,100,n/a,n/a,2,7,0,7,10,n/a,n/a,2,1,0,0,n/a,n/a,n/a,n/a,n/a,n/a,n/a,n/a,AH/SD,0,vYbph753FndrnXyBy6LDvN,uuid:dc592343-6543-49c8-965a-064442407525,dc592343-6543-49c8-965a-064442407525,2017-10-13T19:54:29,,
2017-10-13T15:54:23.000-04:00,subscriberid not found,simserial not found,enketo.sanipath.org:ytqR2j5axGiisKhP,2017-10-18T16:09:36.000-04:00,7,1024,1024,2017-04-10T11:15:00.000-04:00,2017-04-10T13:35:00.000-04:00,2017-04-11T13:30:00.000-04:00,1,n/a,n/a,n/a,7,10,n/a,n/a,2,0,0,6,1,n/a,n/a,2,0,0,0,n/a,n/a,n/a,n/a,n/a,n/a,n/a,n/a,AH/SD,0,vYbph753FndrnXyBy6LDvN,uuid:6b8377d5-2133-4e20-8f95-af1018d4267e,6b8377d5-2133-4e20-8f95-af1018d4267e,2017-10-13T19:55:44,,
2017-10-13T15:55:39.000-04:00,subscriberid not found,simserial not found,enketo.sanipath.org:ytqR2j5axGiisKhP,2017-10-18T16:09:47.000-04:00,7,1025,1025,2017-04-10T11:15:00.000-04:00,2017-04-10T14:45:00.000-04:00,2017-04-11T13:30:00.000-04:00,1,n/a,n/a,n/a,7,10,n/a,n/a,2,0,0,6,1,n/a,n/a,2,0,0,0,n/a,n/a,n/a,n/a,n/a,n/a,n/a,"No flurocent, yellow large and small wells were detected",AH/SD,0,vYbph753FndrnXyBy6LDvN,uuid:797803fb-da93-4014-b372-5f5f72f756c5,797803fb-da93-4014-b372-5f5f72f756c5,2017-10-13T19:57:21,,
2017-10-13T15:57:16.000-04:00,subscriberid not found,simserial not found,enketo.sanipath.org:ytqR2j5axGiisKhP,2017-10-18T16:09:57.000-04:00,9,1026,1026,2017-04-10T15:00:00.000-04:00,2017-04-10T16:20:00.000-04:00,2017-04-11T16:20:00.000-04:00,1,n/a,n/a,n/a,7,100,n/a,n/a,2,43,16,7,10,n/a,n/a,2,10,0,0,n/a,n/a,n/a,n/a,n/a,n/a,n/a,n/a,AH/SD,0,vYbph753FndrnXyBy6LDvN,uuid:06f3fea5-acc2-4739-b593-2cd17f3c5890,06f3fea5-acc2-4739-b593-2cd17f3c5890,2017-10-13T20:08:35,,
2017-10-13T16:08:30.000-04:00,subscriberid not found,simserial not found,enketo.sanipath.org:ytqR2j5axGiisKhP,2017-10-18T16:10:08.000-04:00,3,1027,1027,2017-04-10T15:00:00.000-04:00,2017-04-10T16:20:00.000-04:00,2017-04-11T16:20:00.000-04:00,1,n/a,n/a,n/a,7,100,n/a,n/a,2,0,2,7,10,n/a,n/a,2,0,0,0,n/a,n/a,n/a,n/a,n/a,n/a,n/a,n/a,AH/SD,0,vYbph753FndrnXyBy6LDvN,uuid:f020c51a-85eb-478b-932b-24277d10c881,f020c51a-85eb-478b-932b-24277d10c881,2017-10-13T20:11:43,,
2017-10-13T16:11:38.000-04:00,subscriberid not found,simserial not found,enketo.sanipath.org:ytqR2j5axGiisKhP,2017-10-18T16:10:18.000-04:00,8,1028,1028,2017-04-10T11:30:00.000-04:00,2017-04-10T16:20:00.000-04:00,2017-04-11T16:20:00.000-04:00,1,n/a,n/a,9.65,7,1,n/a,n/a,2,35,7,6,1,n/a,n/a,2,15,0,1,5,1,n/a,n/a,2,1,0,n/a,AH/SD,0,vYbph753FndrnXyBy6LDvN,uuid:612446a8-64cb-46d8-bcd2-81441faae446,612446a8-64cb-46d8-bcd2-81441faae446,2017-10-13T20:13:22,,
2017-10-13T16:13:17.000-04:00,subscriberid not found,simserial not found,enketo.sanipath.org:ytqR2j5axGiisKhP,2017-10-18T16:10:28.000-04:00,1,1029,1029,2017-04-10T15:00:00.000-04:00,2017-04-10T16:20:00.000-04:00,2017-04-11T16:20:00.000-04:00,1,n/a,n/a,n/a,4,1,n/a,n/a,2,49,27,3,1,n/a,n/a,2,28,2,0,n/a,n/a,n/a,n/a,n/a,n/a,n/a,n/a,AH/SD,0,vYbph753FndrnXyBy6LDvN,uuid:9aaca3db-05fa-4c72-8038-f50550e2664c,9aaca3db-05fa-4c72-8038-f50550e2664c,2017-10-13T20:14:58,,
2017-10-13T16:14:53.000-04:00,subscriberid not found,simserial not found,enketo.sanipath.org:ytqR2j5axGiisKhP,2017-10-18T16:10:37.000-04:00,2,1030,1030,2017-04-11T14:50:00.000-04:00,2017-04-11T16:30:00.000-04:00,2017-04-12T16:30:00.000-04:00,1,98,n/a,n/a,7,10,n/a,n/a,2,0,0,7,1,n/a,n/a,2,0,0,1,6,1,n/a,n/a,2,0,0,Produce: tomato,AH/SD,0,vYbph753FndrnXyBy6LDvN,uuid:102997e4-883d-4683-92fb-b1cd2b8e422a,102997e4-883d-4683-92fb-b1cd2b8e422a,2017-10-13T20:16:56,,
2017-10-13T16:16:50.000-04:00,subscriberid not found,simserial not found,enketo.sanipath.org:ytqR2j5axGiisKhP,2017-10-18T16:11:06.000-04:00,2,1031,1031,2017-04-11T14:55:00.000-04:00,2017-04-11T16:30:00.000-04:00,2017-04-12T16:30:00.000-04:00,1,6.3,n/a,n/a,7,10,n/a,n/a,2,49,27,7,1,n/a,n/a,2,34,5,1,6,1,n/a,n/a,2,11,0,Leafy green,AH/SD,0,vYbph753FndrnXyBy6LDvN,uuid:602e7a5a-acbf-4230-86ef-dad34a87d92a,602e7a5a-acbf-4230-86ef-dad34a87d92a,2017-10-13T20:19:35,,
2017-10-13T16:19:29.000-04:00,subscriberid not found,simserial not found,enketo.sanipath.org:ytqR2j5axGiisKhP,2017-10-18T16:11:19.000-04:00,2,1032,1032,2017-04-11T14:58:00.000-04:00,2017-04-11T16:30:00.000-04:00,2017-04-12T16:30:00.000-04:00,1,109.32,n/a,n/a,7,10,n/a,n/a,2,0,0,7,1,n/a,n/a,2,0,0,1,6,1,n/a,n/a,2,0,0,tomato,AH/SD,0,vYbph753FndrnXyBy6LDvN,uuid:2d1ceaae-98d8-44a4-8aed-7e2aa20e67f2,2d1ceaae-98d8-44a4-8aed-7e2aa20e67f2,2017-10-13T20:21:23,,
2017-10-13T16:21:17.000-04:00,subscriberid not found,simserial not found,enketo.sanipath.org:ytqR2j5axGiisKhP,2017-10-18T16:11:37.000-04:00,2,1033,1033,2017-04-11T15:25:00.000-04:00,2017-04-11T16:30:00.000-04:00,2017-04-12T16:30:00.000-04:00,1,123.04,n/a,n/a,7,10,n/a,n/a,2,24,1,7,1,n/a,n/a,2,5,0,1,6,1,n/a,n/a,2,2,0,n/a,AH/SD,0,vYbph753FndrnXyBy6LDvN,uuid:0cce7208-4ae0-4a65-9d6b-d9a51301cc77,0cce7208-4ae0-4a65-9d6b-d9a51301cc77,2017-10-13T20:23:31,,
2017-10-16T09:49:53.000-04:00,subscriberid not found,simserial not found,enketo.sanipath.org:iB2IiPlkPaFNoBNl,2017-10-18T16:20:00.000-04:00,2,1034,1034,2017-04-11T15:20:00.000-04:00,2017-04-11T16:30:00.000-04:00,2017-04-12T16:30:00.000-04:00,1,136.85,n/a,n/a,7,10,n/a,n/a,2,12,1,7,1,n/a,n/a,2,1,0,1,6,1,n/a,n/a,2,0,0,tomato,AH/SD,0,vYbph753FndrnXyBy6LDvN,uuid:9f488d15-0f3b-4fc6-a40f-099582ee1f11,9f488d15-0f3b-4fc6-a40f-099582ee1f11,2017-10-16T13:52:14,,
2017-10-16T09:52:08.000-04:00,subscriberid not found,simserial not found,enketo.sanipath.org:iB2IiPlkPaFNoBNl,2017-10-18T16:20:14.000-04:00,10,1037,1037,2017-04-11T12:00:00.000-04:00,2017-04-11T16:30:00.000-04:00,2017-04-12T16:30:00.000-04:00,1,n/a,9.75,n/a,7,10,n/a,n/a,2,0,0,7,1,n/a,n/a,2,0,0,1,6,1,n/a,n/a,2,0,0,n/a,AH/SD,0,vYbph753FndrnXyBy6LDvN,uuid:fa555163-1a39-4e75-b137-4f1fadaa6692,fa555163-1a39-4e75-b137-4f1fadaa6692,2017-10-16T13:56:41,,
2017-10-16T09:56:35.000-04:00,subscriberid not found,simserial not found,enketo.sanipath.org:iB2IiPlkPaFNoBNl,2017-10-18T16:20:27.000-04:00,10,1038,1038,2017-04-11T12:00:00.000-04:00,2017-04-11T16:30:00.000-04:00,2017-04-12T16:30:00.000-04:00,1,n/a,10.4,n/a,7,10,n/a,n/a,2,0,0,7,1,n/a,n/a,2,0,0,1,6,1,n/a,n/a,2,0,0,n/a,AH/SD,0,vYbph753FndrnXyBy6LDvN,uuid:55933b74-5b9d-4be2-92e8-f7b49f4ec7be,55933b74-5b9d-4be2-92e8-f7b49f4ec7be,2017-10-16T13:59:47,,
2017-10-16T09:59:42.000-04:00,subscriberid not found,simserial not found,enketo.sanipath.org:iB2IiPlkPaFNoBNl,2017-10-18T16:20:45.000-04:00,10,1039,1039,2017-04-11T12:00:00.000-04:00,2017-04-11T16:30:00.000-04:00,2017-04-12T16:30:00.000-04:00,1,n/a,9.8,n/a,7,10,n/a,n/a,2,48,11,7,1,n/a,n/a,2,9,1,1,6,1,n/a,n/a,2,0,0,n/a,AH/SD,0,vYbph753FndrnXyBy6LDvN,uuid:647e8b92-09e6-48ea-809f-a0427db5f386,647e8b92-09e6-48ea-809f-a0427db5f386,2017-10-16T14:01:20,,
2017-10-16T10:01:13.000-04:00,subscriberid not found,simserial not found,enketo.sanipath.org:iB2IiPlkPaFNoBNl,2017-10-18T16:20:58.000-04:00,3,1041,1041,2017-04-11T12:15:00.000-04:00,2017-04-11T16:30:00.000-04:00,2017-04-12T16:30:00.000-04:00,1,n/a,n/a,n/a,7,100,n/a,n/a,2,1,0,7,10,n/a,n/a,2,0,0,0,n/a,n/a,n/a,n/a,n/a,n/a,n/a,n/a,AH/SD,0,vYbph753FndrnXyBy6LDvN,uuid:f3bbc2f4-afe0-4a3c-9f9e-ac655c35fac2,f3bbc2f4-afe0-4a3c-9f9e-ac655c35fac2,2017-10-16T17:52:37,,
2017-10-16T13:52:32.000-04:00,subscriberid not found,simserial not found,enketo.sanipath.org:iB2IiPlkPaFNoBNl,2017-10-18T16:21:05.000-04:00,3,1042,1042,2017-04-11T12:05:00.000-04:00,2017-04-11T16:30:00.000-04:00,2017-04-12T16:30:00.000-04:00,1,n/a,n/a,n/a,7,100,n/a,n/a,2,0,0,7,10,n/a,n/a,2,0,0,0,n/a,n/a,n/a,n/a,n/a,n/a,n/a,n/a,AH/SD,0,vYbph753FndrnXyBy6LDvN,uuid:c367ebdd-6317-4d62-a1ce-a796ebdbc353,c367ebdd-6317-4d62-a1ce-a796ebdbc353,2017-10-16T17:54:34,,
2017-10-16T13:54:30.000-04:00,subscriberid not found,simserial not found,enketo.sanipath.org:iB2IiPlkPaFNoBNl,2017-10-18T16:21:19.000-04:00,5,1044,1044,2017-04-11T12:00:00.000-04:00,2017-04-11T16:30:00.000-04:00,2017-04-12T16:30:00.000-04:00,1,n/a,n/a,n/a,7,10,n/a,n/a,2,0,0,7,1,n/a,n/a,2,49,47,1,6,1,n/a,n/a,2,45,9,First dilution  TNTC*,AH/SD,0,vYbph753FndrnXyBy6LDvN,uuid:eb88c189-66f9-46b8-a0ef-af158fef8009,eb88c189-66f9-46b8-a0ef-af158fef8009,2017-10-16T17:57:59,,
2017-10-16T13:57:54.000-04:00,subscriberid not found,simserial not found,enketo.sanipath.org:iB2IiPlkPaFNoBNl,2017-10-18T16:21:30.000-04:00,9,1045,1045,2017-04-11T11:45:00.000-04:00,2017-04-11T16:30:00.000-04:00,2017-04-12T16:30:00.000-04:00,1,n/a,n/a,n/a,7,100,n/a,n/a,2,16,1,7,10,n/a,n/a,2,1,0,0,n/a,n/a,n/a,n/a,n/a,n/a,n/a,n/a,AH/SD,0,vYbph753FndrnXyBy6LDvN,uuid:1524588b-aae0-4cf6-9a2c-0fc3f6e53f09,1524588b-aae0-4cf6-9a2c-0fc3f6e53f09,2017-10-16T17:59:34,,
2017-10-16T13:59:29.000-04:00,subscriberid not found,simserial not found,enketo.sanipath.org:iB2IiPlkPaFNoBNl,2017-10-18T16:21:40.000-04:00,9,1046,1046,2017-04-11T11:45:00.000-04:00,2017-04-11T16:30:00.000-04:00,2017-04-12T16:30:00.000-04:00,1,n/a,n/a,n/a,7,100,n/a,n/a,2,47,12,7,10,n/a,n/a,2,12,4,0,n/a,n/a,n/a,n/a,n/a,n/a,n/a,n/a,AH/SD,0,vYbph753FndrnXyBy6LDvN,uuid:e3e1ac69-000e-4dfe-9667-dbb906631a78,e3e1ac69-000e-4dfe-9667-dbb906631a78,2017-10-16T18:01:21,,
2017-10-16T14:01:16.000-04:00,subscriberid not found,simserial not found,enketo.sanipath.org:iB2IiPlkPaFNoBNl,2017-10-18T16:21:51.000-04:00,5,1047,1047,2017-04-11T12:00:00.000-04:00,2017-04-11T16:30:00.000-04:00,2017-04-12T16:30:00.000-04:00,1,n/a,n/a,n/a,7,10,n/a,n/a,2,49,11,7,1,n/a,n/a,2,12,1,1,6,1,n/a,n/a,2,2,0,n/a,AH/SD,0,vYbph753FndrnXyBy6LDvN,uuid:d96c4682-6a23-4ad9-aec0-b4de243e65d8,d96c4682-6a23-4ad9-aec0-b4de243e65d8,2017-10-16T18:03:03,,
2017-10-16T14:02:58.000-04:00,subscriberid not found,simserial not found,enketo.sanipath.org:iB2IiPlkPaFNoBNl,2017-10-18T16:22:07.000-04:00,9,1048,1048,2017-04-11T11:45:00.000-04:00,2017-04-11T16:30:00.000-04:00,2017-04-12T16:30:00.000-04:00,1,n/a,n/a,n/a,7,100,n/a,n/a,2,45,26,7,10,n/a,n/a,2,32,1,0,n/a,n/a,n/a,n/a,n/a,n/a,n/a,n/a,AH/SD,0,vYbph753FndrnXyBy6LDvN,uuid:2a7d98ed-d029-44c2-b7c1-160a0607234f,2a7d98ed-d029-44c2-b7c1-160a0607234f,2017-10-16T18:04:17,,
2017-10-16T14:04:12.000-04:00,subscriberid not found,simserial not found,enketo.sanipath.org:iB2IiPlkPaFNoBNl,2017-10-18T16:22:18.000-04:00,5,1049,1049,2017-04-11T12:00:00.000-04:00,2017-04-11T16:30:00.000-04:00,2017-04-12T16:30:00.000-04:00,1,n/a,n/a,n/a,7,10,n/a,n/a,2,0,0,7,1,n/a,n/a,2,49,40,1,6,1,n/a,n/a,2,35,7,TNTC* for first dilution,AH/SD,0,vYbph753FndrnXyBy6LDvN,uuid:75462564-bf29-423c-ab3d-7d0a15a96809,75462564-bf29-423c-ab3d-7d0a15a96809,2017-10-16T18:06:21,,
2017-10-16T14:06:16.000-04:00,subscriberid not found,simserial not found,enketo.sanipath.org:iB2IiPlkPaFNoBNl,2017-10-18T16:22:27.000-04:00,8,1050,1050,2017-04-12T15:15:00.000-04:00,2017-04-12T17:25:00.000-04:00,2017-04-13T17:25:00.000-04:00,1,n/a,n/a,10.14,7,1,n/a,n/a,2,0,0,6,1,n/a,n/a,2,0,0,1,5,1,n/a,n/a,2,0,0,n/a,AH/SD,0,vYbph753FndrnXyBy6LDvN,uuid:69728002-9a94-4a5e-95fe-c2e5745cda0b,69728002-9a94-4a5e-95fe-c2e5745cda0b,2017-10-16T18:08:04,,
2017-10-16T14:07:59.000-04:00,subscriberid not found,simserial not found,enketo.sanipath.org:iB2IiPlkPaFNoBNl,2017-10-18T16:22:38.000-04:00,10,1051,1051,2017-04-11T12:00:00.000-04:00,2017-04-11T16:30:00.000-04:00,2017-04-12T16:30:00.000-04:00,1,n/a,187.5,n/a,7,10,n/a,n/a,2,0,0,7,1,n/a,n/a,2,45,11,1,6,1,n/a,n/a,2,15,2,First dilution results TNTC*,AH/SD,0,vYbph753FndrnXyBy6LDvN,uuid:c4041480-e26a-4d15-a5a7-883a553bf15d,c4041480-e26a-4d15-a5a7-883a553bf15d,2017-10-16T18:09:41,,
2017-10-16T14:09:37.000-04:00,subscriberid not found,simserial not found,enketo.sanipath.org:iB2IiPlkPaFNoBNl,2017-10-18T16:22:48.000-04:00,10,1052,1052,2017-04-12T14:45:00.000-04:00,2017-04-12T17:25:00.000-04:00,2017-04-13T17:30:00.000-04:00,1,n/a,120.05,n/a,7,10,n/a,n/a,2,3,0,7,1,n/a,n/a,2,0,0,1,6,1,n/a,n/a,2,0,0,n/a,AH/SD,0,vYbph753FndrnXyBy6LDvN,uuid:75f7ba12-7757-467b-8ff5-07d45bc5e663,75f7ba12-7757-467b-8ff5-07d45bc5e663,2017-10-16T18:11:11,,
2017-10-16T14:11:06.000-04:00,subscriberid not found,simserial not found,enketo.sanipath.org:iB2IiPlkPaFNoBNl,2017-10-18T16:22:56.000-04:00,10,1053,1053,2017-04-12T14:45:00.000-04:00,2017-04-12T17:25:00.000-04:00,2017-04-13T17:30:00.000-04:00,1,n/a,220.35,n/a,7,10,n/a,n/a,2,6,1,7,1,n/a,n/a,2,0,0,1,6,1,n/a,n/a,2,0,0,n/a,AH/SD,0,vYbph753FndrnXyBy6LDvN,uuid:d8416347-b413-44b7-9305-e38c09ee759d,d8416347-b413-44b7-9305-e38c09ee759d,2017-10-16T18:12:36,,
2017-10-16T14:12:32.000-04:00,subscriberid not found,simserial not found,enketo.sanipath.org:iB2IiPlkPaFNoBNl,2017-10-18T16:23:05.000-04:00,10,1054,1054,2017-04-12T17:25:00.000-04:00,2017-04-12T17:25:00.000-04:00,2017-04-13T17:30:00.000-04:00,1,n/a,350.1,n/a,7,10,n/a,n/a,2,34,4,7,1,n/a,n/a,2,4,0,1,6,1,n/a,n/a,2,2,0,n/a,AH/SD,0,vYbph753FndrnXyBy6LDvN,uuid:712fbc68-f0e7-42cb-8866-0ae376532adf,712fbc68-f0e7-42cb-8866-0ae376532adf,2017-10-16T18:14:17,,
2017-10-16T14:14:12.000-04:00,subscriberid not found,simserial not found,enketo.sanipath.org:iB2IiPlkPaFNoBNl,2017-10-18T16:23:15.000-04:00,10,1055,1055,2017-04-12T14:45:00.000-04:00,2017-04-12T17:25:00.000-04:00,2017-04-13T17:30:00.000-04:00,1,n/a,180.75,n/a,7,10,n/a,n/a,2,22,3,7,1,n/a,n/a,2,3,0,1,6,1,n/a,n/a,2,1,0,n/a,AH/SD,0,vYbph753FndrnXyBy6LDvN,uuid:aca1ea8f-ba84-4cd8-a45e-d1f84386a0f0,aca1ea8f-ba84-4cd8-a45e-d1f84386a0f0,2017-10-16T18:15:27,,
2017-10-16T14:15:22.000-04:00,subscriberid not found,simserial not found,enketo.sanipath.org:iB2IiPlkPaFNoBNl,2017-10-18T16:23:28.000-04:00,5,1059,1059,2017-04-12T12:00:00.000-04:00,2017-04-12T17:25:00.000-04:00,2017-04-13T17:30:00.000-04:00,1,n/a,n/a,n/a,7,10,n/a,n/a,2,49,48,7,1,n/a,n/a,2,49,38,1,6,1,n/a,n/a,2,35,4,First dilution with TNTC* status,AH/SD,0,vYbph753FndrnXyBy6LDvN,uuid:b51e0f7a-71a9-4b38-ab5e-7946260236e0,b51e0f7a-71a9-4b38-ab5e-7946260236e0,2017-10-16T18:18:39,,
2017-10-16T14:18:34.000-04:00,subscriberid not found,simserial not found,enketo.sanipath.org:iB2IiPlkPaFNoBNl,2017-10-18T16:23:42.000-04:00,5,1060,1060,2017-04-12T12:00:00.000-04:00,2017-04-12T17:25:00.000-04:00,2017-04-13T17:30:00.000-04:00,1,n/a,n/a,n/a,7,10,n/a,n/a,2,0,0,7,1,n/a,n/a,2,0,0,1,6,1,n/a,n/a,2,49,32,First and Second dilutions are TNTC* status,AH/SD,0,vYbph753FndrnXyBy6LDvN,uuid:9e28e7d1-c546-4a9e-bbda-4d5ab878b132,9e28e7d1-c546-4a9e-bbda-4d5ab878b132,2017-10-16T18:20:16,,
2017-10-16T14:20:11.000-04:00,subscriberid not found,simserial not found,enketo.sanipath.org:iB2IiPlkPaFNoBNl,2017-10-18T16:23:56.000-04:00,5,1061,1061,2017-04-12T12:00:00.000-04:00,2017-04-12T17:25:00.000-04:00,2017-04-13T17:30:00.000-04:00,1,n/a,n/a,n/a,7,10,n/a,n/a,2,0,0,7,1,n/a,n/a,2,49,24,1,6,1,n/a,n/a,2,23,4,First dilution is TNCT* status,AH/SD,0,vYbph753FndrnXyBy6LDvN,uuid:58f57764-fc31-4f38-b825-c3e6a809ac77,58f57764-fc31-4f38-b825-c3e6a809ac77,2017-10-16T18:22:05,,
2017-10-18T10:08:41.000-04:00,subscriberid not found,simserial not found,enketo.sanipath.org:BlYRQQoQxetqYfDU,2017-10-18T16:24:12.000-04:00,8,1062,1062,2017-04-12T15:15:00.000-04:00,2017-04-12T17:25:00.000-04:00,2017-04-13T17:30:00.000-04:00,1,n/a,n/a,10.42,7,1,n/a,n/a,2,2,0,6,1,n/a,n/a,2,0,0,1,5,1,n/a,n/a,2,0,0,n/a,AH/SD,0,vYbph753FndrnXyBy6LDvN,uuid:40b197be-5dcf-4b52-abd8-4ff0f35a382b,40b197be-5dcf-4b52-abd8-4ff0f35a382b,2017-10-18T14:10:32,,
2017-10-18T10:10:26.000-04:00,subscriberid not found,simserial not found,enketo.sanipath.org:BlYRQQoQxetqYfDU,2017-10-18T16:24:27.000-04:00,1,1063,1063,2017-04-12T12:15:00.000-04:00,2017-04-12T13:30:00.000-04:00,2017-04-13T13:35:00.000-04:00,1,n/a,n/a,n/a,4,1,n/a,n/a,2,15,5,3,1,n/a,n/a,2,2,0,0,n/a,n/a,n/a,n/a,n/a,n/a,n/a,n/a,AH/SD,0,vYbph753FndrnXyBy6LDvN,uuid:eb96c4d5-1157-4102-b0ea-1454a974b46a,eb96c4d5-1157-4102-b0ea-1454a974b46a,2017-10-18T14:12:18,,
2017-10-18T10:12:12.000-04:00,subscriberid not found,simserial not found,enketo.sanipath.org:BlYRQQoQxetqYfDU,2017-10-18T16:24:49.000-04:00,7,1064,1064,2017-04-12T15:15:00.000-04:00,2017-04-12T17:25:00.000-04:00,2017-04-13T17:30:00.000-04:00,1,n/a,n/a,n/a,7,10,n/a,n/a,2,0,0,6,1,n/a,n/a,2,0,0,0,n/a,n/a,n/a,n/a,n/a,n/a,n/a,n/a,AF,0,vYbph753FndrnXyBy6LDvN,uuid:ca104ab0-3711-47a7-9aa9-8a20c591ccdc,ca104ab0-3711-47a7-9aa9-8a20c591ccdc,2017-10-18T14:13:58,,
2017-10-18T10:13:52.000-04:00,subscriberid not found,simserial not found,enketo.sanipath.org:BlYRQQoQxetqYfDU,2017-10-18T16:25:06.000-04:00,7,1065,1065,2017-04-12T15:15:00.000-04:00,2017-04-12T17:35:00.000-04:00,2017-04-13T17:30:00.000-04:00,1,n/a,n/a,n/a,7,10,n/a,n/a,2,31,5,6,1,n/a,n/a,2,5,1,0,n/a,n/a,n/a,n/a,n/a,n/a,n/a,n/a,AH/SD,0,vYbph753FndrnXyBy6LDvN,uuid:ab28a1ac-8c32-488d-82fb-23bde598a424,ab28a1ac-8c32-488d-82fb-23bde598a424,2017-10-18T14:15:28,,
2017-10-18T10:15:23.000-04:00,subscriberid not found,simserial not found,enketo.sanipath.org:BlYRQQoQxetqYfDU,2017-10-18T16:25:37.000-04:00,2,1066,1066,2017-04-12T15:00:00.000-04:00,2017-04-12T17:25:00.000-04:00,2017-04-13T17:30:00.000-04:00,1,478.4,n/a,n/a,7,10,n/a,n/a,2,3,0,7,1,n/a,n/a,2,1,0,1,6,1,n/a,n/a,2,0,0,n/a,AH/SD,0,vYbph753FndrnXyBy6LDvN,uuid:428bc071-4dba-4e73-8976-00d4a254e73d,428bc071-4dba-4e73-8976-00d4a254e73d,2017-10-18T14:17:09,,
2017-10-18T10:17:03.000-04:00,subscriberid not found,simserial not found,enketo.sanipath.org:BlYRQQoQxetqYfDU,2017-10-18T16:25:58.000-04:00,2,1067,1067,2017-04-12T15:00:00.000-04:00,2017-04-12T17:25:00.000-04:00,2017-04-13T17:35:00.000-04:00,1,554.9,n/a,n/a,7,10,n/a,n/a,2,1,0,7,1,n/a,n/a,2,1,0,1,6,1,n/a,n/a,2,0,0,n/a,AH/SD,0,vYbph753FndrnXyBy6LDvN,uuid:02d88623-c9f8-42e8-a808-db49060972c9,02d88623-c9f8-42e8-a808-db49060972c9,2017-10-18T14:18:41,,
2017-10-18T10:18:36.000-04:00,subscriberid not found,simserial not found,enketo.sanipath.org:BlYRQQoQxetqYfDU,2017-10-18T16:26:10.000-04:00,1,1068,1068,2017-04-12T12:05:00.000-04:00,2017-04-12T13:30:00.000-04:00,2017-04-13T13:35:00.000-04:00,1,n/a,n/a,n/a,4,1,n/a,n/a,2,2,0,3,1,n/a,n/a,2,0,0,0,n/a,n/a,n/a,n/a,n/a,n/a,n/a,n/a,AH/SD,0,vYbph753FndrnXyBy6LDvN,uuid:02c3f380-e00a-4448-9d8f-c19ba08e1898,02c3f380-e00a-4448-9d8f-c19ba08e1898,2017-10-18T14:19:56,,
2017-10-18T10:19:50.000-04:00,subscriberid not found,simserial not found,enketo.sanipath.org:BlYRQQoQxetqYfDU,2017-10-18T16:26:21.000-04:00,1,1069,1069,2017-04-12T12:15:00.000-04:00,2017-04-12T17:35:00.000-04:00,2017-04-13T17:30:00.000-04:00,1,n/a,n/a,n/a,4,1,n/a,n/a,2,33,6,3,1,n/a,n/a,2,5,0,0,n/a,n/a,n/a,n/a,n/a,n/a,n/a,n/a,AH/SD,0,vYbph753FndrnXyBy6LDvN,uuid:b18c5401-ecd3-4aa5-8c4b-4f583546c531,b18c5401-ecd3-4aa5-8c4b-4f583546c531,2017-10-18T14:21:06,,
2017-10-18T10:21:00.000-04:00,subscriberid not found,simserial not found,enketo.sanipath.org:BlYRQQoQxetqYfDU,2017-10-18T16:26:40.000-04:00,9,1071,1071,2017-04-12T12:00:00.000-04:00,2017-04-12T13:30:00.000-04:00,2017-04-13T13:35:00.000-04:00,1,n/a,n/a,n/a,7,100,n/a,n/a,2,48,14,7,10,n/a,n/a,2,20,1,0,n/a,n/a,n/a,n/a,n/a,n/a,n/a,n/a,AH/SD,0,vYbph753FndrnXyBy6LDvN,uuid:6dc42f7d-6d42-4f01-92cd-6f7b559ac94e,6dc42f7d-6d42-4f01-92cd-6f7b559ac94e,2017-10-18T14:23:34,,
2017-10-18T10:23:28.000-04:00,subscriberid not found,simserial not found,enketo.sanipath.org:BlYRQQoQxetqYfDU,2017-10-18T16:29:26.000-04:00,3,1072,1072,2017-04-12T12:00:00.000-04:00,2017-04-12T17:25:00.000-04:00,2017-04-13T17:30:00.000-04:00,1,n/a,n/a,n/a,7,100,n/a,n/a,2,0,0,7,10,n/a,n/a,2,0,0,0,n/a,n/a,n/a,n/a,n/a,n/a,n/a,n/a,AH/SD,0,vYbph753FndrnXyBy6LDvN,uuid:2b8225cb-555d-4d3e-b46e-2a2256cce901,2b8225cb-555d-4d3e-b46e-2a2256cce901,2017-10-18T14:24:45,,
2017-10-18T10:24:39.000-04:00,subscriberid not found,simserial not found,enketo.sanipath.org:BlYRQQoQxetqYfDU,2017-10-18T16:29:41.000-04:00,3,1074,1074,2017-04-12T12:00:00.000-04:00,2017-04-12T17:30:00.000-04:00,2017-04-13T17:30:00.000-04:00,1,n/a,n/a,n/a,7,100,n/a,n/a,2,0,0,7,10,n/a,n/a,2,0,0,0,n/a,n/a,n/a,n/a,n/a,n/a,n/a,n/a,AH/SD,0,vYbph753FndrnXyBy6LDvN,uuid:783e082a-a999-496c-b7d4-339b4042b3c1,783e082a-a999-496c-b7d4-339b4042b3c1,2017-10-18T14:26:12,,
2017-10-18T10:26:06.000-04:00,subscriberid not found,simserial not found,enketo.sanipath.org:BlYRQQoQxetqYfDU,2017-10-18T16:29:49.000-04:00,3,1075,1075,2017-06-21T13:20:00.000-04:00,2017-06-21T14:00:00.000-04:00,2017-06-22T14:00:00.000-04:00,1,n/a,n/a,n/a,7,100,n/a,n/a,2,0,0,7,10,n/a,n/a,2,0,0,0,n/a,n/a,n/a,n/a,n/a,n/a,n/a,n/a,AH/SD,0,vYbph753FndrnXyBy6LDvN,uuid:1e60a1ac-778d-46d0-a978-9e1d1e396832,1e60a1ac-778d-46d0-a978-9e1d1e396832,2017-10-18T14:27:23,,
2017-10-18T10:27:17.000-04:00,subscriberid not found,simserial not found,enketo.sanipath.org:BlYRQQoQxetqYfDU,2017-10-18T16:30:19.000-04:00,2,1076,1076,2017-04-13T15:10:00.000-04:00,2017-04-13T17:20:00.000-04:00,2017-04-14T17:20:00.000-04:00,1,745.24,n/a,n/a,7,10,n/a,n/a,2,0,0,7,1,n/a,n/a,2,0,0,1,6,1,n/a,n/a,2,0,0,n/a,AH,0,vYbph753FndrnXyBy6LDvN,uuid:f1749339-c176-4871-8f54-12652b2f0f0e,f1749339-c176-4871-8f54-12652b2f0f0e,2017-10-18T14:29:57,,
2017-10-18T10:29:51.000-04:00,subscriberid not found,simserial not found,enketo.sanipath.org:BlYRQQoQxetqYfDU,2017-10-18T16:30:32.000-04:00,2,1077,1077,2017-04-13T15:10:00.000-04:00,2017-04-13T17:20:00.000-04:00,2017-04-14T17:20:00.000-04:00,1,42.04,n/a,n/a,7,10,n/a,n/a,2,49,28,7,1,n/a,n/a,2,29,3,1,6,1,n/a,n/a,2,5,1,n/a,AH,0,vYbph753FndrnXyBy6LDvN,uuid:b397cbc3-eacf-428e-ad9e-968c37a22842,b397cbc3-eacf-428e-ad9e-968c37a22842,2017-10-18T14:32:13,,
2017-10-18T10:32:07.000-04:00,subscriberid not found,simserial not found,enketo.sanipath.org:BlYRQQoQxetqYfDU,2017-10-18T16:30:51.000-04:00,2,1078,1078,2017-04-13T15:10:00.000-04:00,2017-04-13T17:20:00.000-04:00,2017-04-14T17:20:00.000-04:00,1,928.38,n/a,n/a,7,10,n/a,n/a,2,0,0,7,1,n/a,n/a,2,0,0,1,6,1,n/a,n/a,2,0,0,n/a,AH,0,vYbph753FndrnXyBy6LDvN,uuid:4be198bc-5771-4533-a794-f2f24329389d,4be198bc-5771-4533-a794-f2f24329389d,2017-10-18T14:34:38,,
2017-10-18T10:34:33.000-04:00,subscriberid not found,simserial not found,enketo.sanipath.org:BlYRQQoQxetqYfDU,2017-10-18T16:31:02.000-04:00,8,1079,1079,2017-04-13T14:10:00.000-04:00,2017-04-13T17:20:00.000-04:00,2017-04-14T17:20:00.000-04:00,1,n/a,n/a,9.87,7,1,n/a,n/a,2,30,3,6,1,n/a,n/a,2,3,1,1,5,1,n/a,n/a,2,0,0,n/a,AH/SD,0,vYbph753FndrnXyBy6LDvN,uuid:ca60f4d2-b8e3-4fd1-a9fd-a55ac1355296,ca60f4d2-b8e3-4fd1-a9fd-a55ac1355296,2017-10-18T14:37:49,,
2017-10-18T10:37:43.000-04:00,subscriberid not found,simserial not found,enketo.sanipath.org:BlYRQQoQxetqYfDU,2017-10-18T10:39:05.000-04:00,8,1080,1080,2017-04-13T14:10:00.000-04:00,2017-04-13T17:20:00.000-04:00,2017-04-14T17:20:00.000-04:00,1,n/a,n/a,10.2,7,1,n/a,n/a,2,0,1,6,1,n/a,n/a,2,0,0,1,5,1,n/a,n/a,2,0,0,n/a,AH/SD,0,vYbph753FndrnXyBy6LDvN,uuid:4b14c981-5722-4c7a-b781-8403f669b64c,4b14c981-5722-4c7a-b781-8403f669b64c,2017-10-18T14:39:11,,
2017-10-18T10:39:06.000-04:00,subscriberid not found,simserial not found,enketo.sanipath.org:BlYRQQoQxetqYfDU,2017-10-18T10:40:27.000-04:00,7,1081,1081,2017-04-13T15:15:00.000-04:00,2017-04-13T17:20:00.000-04:00,2017-04-14T17:20:00.000-04:00,1,n/a,n/a,n/a,7,10,n/a,n/a,2,0,0,6,1,n/a,n/a,2,0,0,0,n/a,n/a,n/a,n/a,n/a,n/a,n/a,n/a,AH/SD,0,vYbph753FndrnXyBy6LDvN,uuid:309ce402-2cb6-45b5-92b0-c29105c77da7,309ce402-2cb6-45b5-92b0-c29105c77da7,2017-10-18T14:40:33,,
2017-10-18T10:40:27.000-04:00,subscriberid not found,simserial not found,enketo.sanipath.org:BlYRQQoQxetqYfDU,2017-10-18T10:41:26.000-04:00,7,1082,1082,2017-04-13T15:15:00.000-04:00,2017-04-13T17:20:00.000-04:00,2017-04-14T17:20:00.000-04:00,1,n/a,n/a,n/a,7,10,n/a,n/a,2,0,0,6,1,n/a,n/a,2,0,0,0,n/a,n/a,n/a,n/a,n/a,n/a,n/a,n/a,AH/SD,0,vYbph753FndrnXyBy6LDvN,uuid:30edce32-c9d1-434e-90af-64e02195542f,30edce32-c9d1-434e-90af-64e02195542f,2017-10-18T14:41:32,,
2017-10-18T10:41:26.000-04:00,subscriberid not found,simserial not found,enketo.sanipath.org:BlYRQQoQxetqYfDU,2017-10-18T10:43:01.000-04:00,10,1083,1083,2017-04-13T15:20:00.000-04:00,2017-04-13T17:20:00.000-04:00,2017-04-14T17:20:00.000-04:00,1,n/a,37.47,n/a,7,10,n/a,n/a,2,49,46,7,1,n/a,n/a,2,48,16,1,6,1,n/a,n/a,2,12,1,n/a,AH/SD,0,vYbph753FndrnXyBy6LDvN,uuid:8d3d42e5-bde6-47a8-bdc7-8aac4f9e4622,8d3d42e5-bde6-47a8-bdc7-8aac4f9e4622,2017-10-18T14:43:07,,
2017-10-18T10:43:01.000-04:00,subscriberid not found,simserial not found,enketo.sanipath.org:BlYRQQoQxetqYfDU,2017-10-18T10:44:20.000-04:00,10,1084,1084,2017-04-13T15:20:00.000-04:00,2017-04-13T17:20:00.000-04:00,2017-04-14T17:20:00.000-04:00,1,n/a,225.25,n/a,7,10,n/a,n/a,2,32,10,7,1,n/a,n/a,2,5,1,1,6,1,n/a,n/a,2,0,0,n/a,AH/SD,0,vYbph753FndrnXyBy6LDvN,uuid:6176c88b-983c-4b39-abad-67d70e3bfdce,6176c88b-983c-4b39-abad-67d70e3bfdce,2017-10-18T14:44:26,,
2017-10-18T10:44:20.000-04:00,subscriberid not found,simserial not found,enketo.sanipath.org:BlYRQQoQxetqYfDU,2017-10-18T10:46:16.000-04:00,5,1087,1087,2017-04-13T13:40:00.000-04:00,2017-04-13T17:20:00.000-04:00,2017-04-14T17:20:00.000-04:00,1,n/a,n/a,n/a,7,10,n/a,n/a,2,49,48,7,1,n/a,n/a,2,49,43,1,6,1,n/a,n/a,2,42,7,n/a,AH/SD,0,vYbph753FndrnXyBy6LDvN,uuid:c1a5da2e-12df-41c4-a63c-74c506056491,c1a5da2e-12df-41c4-a63c-74c506056491,2017-10-18T14:46:22,,
2017-10-18T10:46:17.000-04:00,subscriberid not found,simserial not found,enketo.sanipath.org:BlYRQQoQxetqYfDU,2017-10-18T10:48:28.000-04:00,5,1088,1088,2017-04-13T15:40:00.000-04:00,2017-04-13T17:20:00.000-04:00,2017-04-14T17:20:00.000-04:00,1,n/a,n/a,n/a,7,10,n/a,n/a,2,49,48,7,1,n/a,n/a,2,49,48,1,6,1,n/a,n/a,2,49,37,First and second dilutions are TNTC* status,AH/SD,0,vYbph753FndrnXyBy6LDvN,uuid:86ac3223-6a9a-48d1-bc42-ee637590cfab,86ac3223-6a9a-48d1-bc42-ee637590cfab,2017-10-18T14:48:34,,
2017-10-18T10:48:28.000-04:00,subscriberid not found,simserial not found,enketo.sanipath.org:BlYRQQoQxetqYfDU,2017-10-18T10:49:58.000-04:00,5,1089,1089,2017-04-13T15:40:00.000-04:00,2017-04-13T17:20:00.000-04:00,2017-04-14T17:20:00.000-04:00,1,n/a,n/a,n/a,7,10,n/a,n/a,2,49,48,7,1,n/a,n/a,2,49,42,1,6,1,n/a,n/a,2,43,9,First dilution is TNTC* status,AH/SD,0,vYbph753FndrnXyBy6LDvN,uuid:e87e6111-6cba-482f-8e6f-d9d875e5c72c,e87e6111-6cba-482f-8e6f-d9d875e5c72c,2017-10-18T14:50:05,,
2017-10-18T10:49:59.000-04:00,subscriberid not found,simserial not found,enketo.sanipath.org:BlYRQQoQxetqYfDU,2017-10-18T10:51:40.000-04:00,5,1090,1090,2017-04-13T15:40:00.000-04:00,2017-04-13T17:20:00.000-04:00,2017-04-14T17:20:00.000-04:00,1,n/a,n/a,n/a,7,10,n/a,n/a,2,49,48,7,1,n/a,n/a,2,49,48,1,6,1,n/a,n/a,2,49,19,First and Second dilutions are TNTC* status,AH/SD,0,vYbph753FndrnXyBy6LDvN,uuid:d195a6e7-6a35-4f6e-90c1-3a4eb020beaa,d195a6e7-6a35-4f6e-90c1-3a4eb020beaa,2017-10-18T14:51:46,,
2017-10-18T10:51:40.000-04:00,subscriberid not found,simserial not found,enketo.sanipath.org:BlYRQQoQxetqYfDU,2017-10-18T10:53:42.000-04:00,1,1092,1092,2017-04-17T15:30:00.000-04:00,2017-04-17T18:30:00.000-04:00,2017-04-18T18:30:00.000-04:00,1,n/a,n/a,n/a,4,1,n/a,n/a,2,33,5,3,1,n/a,n/a,2,3,1,0,n/a,n/a,n/a,n/a,n/a,n/a,n/a,n/a,AH/SD,0,vYbph753FndrnXyBy6LDvN,uuid:4ac1bda1-2ccd-4ebe-a17a-54a88a351ceb,4ac1bda1-2ccd-4ebe-a17a-54a88a351ceb,2017-10-18T14:53:48,,
2017-10-18T10:53:43.000-04:00,subscriberid not found,simserial not found,enketo.sanipath.org:BlYRQQoQxetqYfDU,2017-10-18T10:55:02.000-04:00,7,1095,1095,2017-04-17T14:10:00.000-04:00,2017-04-17T18:30:00.000-04:00,2017-04-18T18:30:00.000-04:00,1,n/a,n/a,n/a,7,10,n/a,n/a,2,0,0,6,1,n/a,n/a,2,0,0,0,n/a,n/a,n/a,n/a,n/a,n/a,n/a,n/a,AH/SD,0,vYbph753FndrnXyBy6LDvN,uuid:f86ef6b4-634c-43d5-a633-347b3c4ef7d8,f86ef6b4-634c-43d5-a633-347b3c4ef7d8,2017-10-18T14:55:08,,
2017-10-18T15:53:28.000-04:00,subscriberid not found,simserial not found,enketo.sanipath.org:KiImEhjpdcmFInzi,2017-10-18T15:59:08.000-04:00,7,1096,1096,2017-04-17T14:10:00.000-04:00,2017-04-17T18:30:00.000-04:00,2017-04-18T18:30:00.000-04:00,1,n/a,n/a,n/a,7,10,n/a,n/a,2,0,0,6,1,n/a,n/a,2,0,0,0,n/a,n/a,n/a,n/a,n/a,n/a,n/a,n/a,AH/SD,0,vYbph753FndrnXyBy6LDvN,uuid:2cd1e456-becf-4131-9fb5-8a0746399120,2cd1e456-becf-4131-9fb5-8a0746399120,2017-10-18T19:59:13,,
2017-10-18T15:59:08.000-04:00,subscriberid not found,simserial not found,enketo.sanipath.org:KiImEhjpdcmFInzi,2017-10-18T16:02:27.000-04:00,2,1097,1097,2017-04-17T15:10:00.000-04:00,2017-04-17T18:30:00.000-04:00,2017-04-18T18:30:00.000-04:00,1,181.39,n/a,n/a,7,10,n/a,n/a,2,7,2,7,1,n/a,n/a,2,0,0,1,6,1,n/a,n/a,2,0,0,n/a,AH/SD,0,vYbph753FndrnXyBy6LDvN,uuid:ae0ff061-d0bd-4f9f-84c9-b20295f786ff,ae0ff061-d0bd-4f9f-84c9-b20295f786ff,2017-10-18T20:02:33,,
2017-10-18T16:02:28.000-04:00,subscriberid not found,simserial not found,enketo.sanipath.org:KiImEhjpdcmFInzi,2017-10-18T16:03:59.000-04:00,2,1098,1098,2017-04-17T15:30:00.000-04:00,2017-04-17T18:30:00.000-04:00,2017-04-18T18:30:00.000-04:00,1,136.89,n/a,n/a,7,10,n/a,n/a,2,2,5,7,1,n/a,n/a,2,0,1,1,6,1,n/a,n/a,2,2,0,n/a,AH/SD,0,vYbph753FndrnXyBy6LDvN,uuid:fc267f1f-28dc-44b3-a42f-bf51467e3ff0,fc267f1f-28dc-44b3-a42f-bf51467e3ff0,2017-10-18T20:04:05,,
2017-10-18T16:03:59.000-04:00,subscriberid not found,simserial not found,enketo.sanipath.org:KiImEhjpdcmFInzi,2017-10-18T16:05:22.000-04:00,2,1099,1099,2017-04-17T15:30:00.000-04:00,2017-04-17T18:30:00.000-04:00,2017-04-18T18:30:00.000-04:00,1,10.98,n/a,n/a,7,10,n/a,n/a,2,49,40,7,1,n/a,n/a,2,39,6,1,6,1,n/a,n/a,2,7,1,n/a,AH/SD,0,vYbph753FndrnXyBy6LDvN,uuid:89b0c910-9bd8-4f27-bc02-3ecb54ec88c5,89b0c910-9bd8-4f27-bc02-3ecb54ec88c5,2017-10-18T20:05:27,,
2017-10-18T16:33:50.000-04:00,subscriberid not found,simserial not found,enketo.sanipath.org:KiImEhjpdcmFInzi,2017-10-18T16:35:16.000-04:00,2,1100,1100,2017-04-17T15:30:00.000-04:00,2017-04-17T18:30:00.000-04:00,2017-04-18T18:30:00.000-04:00,1,142.88,n/a,n/a,7,10,n/a,n/a,2,0,0,7,1,n/a,n/a,2,0,0,1,6,1,n/a,n/a,2,0,0,n/a,AH/SD,0,vYbph753FndrnXyBy6LDvN,uuid:438d4dfc-0f79-4bf4-bf37-91a8a51439ad,438d4dfc-0f79-4bf4-bf37-91a8a51439ad,2017-10-18T20:35:22,,
2017-10-18T16:35:17.000-04:00,subscriberid not found,simserial not found,enketo.sanipath.org:KiImEhjpdcmFInzi,2017-10-18T16:36:52.000-04:00,5,1101,1101,2017-04-17T15:10:00.000-04:00,2017-04-17T18:30:00.000-04:00,2017-04-18T18:30:00.000-04:00,1,n/a,n/a,n/a,7,10,n/a,n/a,2,49,48,7,1,n/a,n/a,2,49,23,1,6,1,n/a,n/a,2,21,3,First dilution is TNTC* status,AH/SD,0,vYbph753FndrnXyBy6LDvN,uuid:d7d52d08-eb7a-4b5a-b917-176064e23e2f,d7d52d08-eb7a-4b5a-b917-176064e23e2f,2017-10-18T20:36:58,,
2017-10-18T16:36:52.000-04:00,subscriberid not found,simserial not found,enketo.sanipath.org:KiImEhjpdcmFInzi,2017-10-18T16:38:10.000-04:00,5,1102,1102,2017-04-17T15:10:00.000-04:00,2017-04-17T18:30:00.000-04:00,2017-04-18T18:30:00.000-04:00,1,n/a,n/a,n/a,7,10,n/a,n/a,2,49,48,7,1,n/a,n/a,2,49,44,1,6,1,n/a,n/a,2,45,14,First dilution is TNTC* status,AH/SD,0,vYbph753FndrnXyBy6LDvN,uuid:e6300a83-9f8a-41c2-9e54-b754f780626c,e6300a83-9f8a-41c2-9e54-b754f780626c,2017-10-18T20:38:15,,
2017-10-18T16:38:10.000-04:00,subscriberid not found,simserial not found,enketo.sanipath.org:KiImEhjpdcmFInzi,2017-10-18T16:39:24.000-04:00,5,1103,1103,2017-04-17T15:10:00.000-04:00,2017-04-17T18:30:00.000-04:00,2017-04-18T18:30:00.000-04:00,1,n/a,n/a,n/a,7,10,n/a,n/a,2,48,27,7,1,n/a,n/a,2,21,3,1,6,1,n/a,n/a,2,1,0,n/a,AH/SD,0,vYbph753FndrnXyBy6LDvN,uuid:2d049f61-27ea-4bf1-9e1d-6a3a51a4a522,2d049f61-27ea-4bf1-9e1d-6a3a51a4a522,2017-10-18T20:39:29,,
2017-10-18T16:39:24.000-04:00,subscriberid not found,simserial not found,enketo.sanipath.org:KiImEhjpdcmFInzi,2017-10-18T16:41:08.000-04:00,8,1104,1104,2017-04-17T14:20:00.000-04:00,2017-04-17T18:30:00.000-04:00,2017-04-18T18:30:00.000-04:00,1,n/a,n/a,9.57,7,1,n/a,n/a,2,49,48,6,1,n/a,n/a,2,47,26,1,5,1,n/a,n/a,2,1,0,First dilution is TNTC* status,AH/SD,0,vYbph753FndrnXyBy6LDvN,uuid:b16e3462-a99a-4247-91fe-975d04358ca2,b16e3462-a99a-4247-91fe-975d04358ca2,2017-10-18T20:41:14,,
2017-10-18T16:41:08.000-04:00,subscriberid not found,simserial not found,enketo.sanipath.org:KiImEhjpdcmFInzi,2017-10-18T16:42:21.000-04:00,8,1105,1105,2017-04-17T14:20:00.000-04:00,2017-04-17T18:30:00.000-04:00,2017-04-18T18:30:00.000-04:00,1,n/a,n/a,9.98,7,1,n/a,n/a,2,12,0,6,1,n/a,n/a,2,1,0,1,5,1,n/a,n/a,2,0,0,n/a,AH/SD,0,vYbph753FndrnXyBy6LDvN,uuid:87b7f21b-d626-4adc-8b70-65e0ed9a6026,87b7f21b-d626-4adc-8b70-65e0ed9a6026,2017-10-18T20:42:27,,
2017-10-18T16:42:21.000-04:00,subscriberid not found,simserial not found,enketo.sanipath.org:KiImEhjpdcmFInzi,2017-10-18T16:43:30.000-04:00,8,1106,1106,2017-04-17T14:20:00.000-04:00,2017-04-17T18:30:00.000-04:00,2017-04-18T18:30:00.000-04:00,1,n/a,n/a,10.38,7,1,n/a,n/a,2,3,0,6,1,n/a,n/a,2,0,0,1,5,1,n/a,n/a,2,0,0,n/a,AH/SD,0,vYbph753FndrnXyBy6LDvN,uuid:d2fb28a3-a613-47e8-a71a-88c768ac19ed,d2fb28a3-a613-47e8-a71a-88c768ac19ed,2017-10-18T20:43:35,,
2017-10-18T16:43:30.000-04:00,subscriberid not found,simserial not found,enketo.sanipath.org:KiImEhjpdcmFInzi,2017-10-18T16:44:32.000-04:00,9,1107,1107,2017-04-17T15:20:00.000-04:00,2017-04-17T18:30:00.000-04:00,2017-04-18T18:30:00.000-04:00,1,n/a,n/a,n/a,7,100,n/a,n/a,2,11,2,7,10,n/a,n/a,2,1,0,0,n/a,n/a,n/a,n/a,n/a,n/a,n/a,n/a,AH/SD,0,vYbph753FndrnXyBy6LDvN,uuid:c40a8f36-ccdc-4983-85d5-a40d1604bd60,c40a8f36-ccdc-4983-85d5-a40d1604bd60,2017-10-18T20:44:38,,
2017-10-18T16:44:32.000-04:00,subscriberid not found,simserial not found,enketo.sanipath.org:KiImEhjpdcmFInzi,2017-10-18T16:45:45.000-04:00,3,1108,1108,2017-04-17T14:40:00.000-04:00,2017-04-17T18:30:00.000-04:00,2017-04-18T18:30:00.000-04:00,1,n/a,n/a,n/a,7,100,n/a,n/a,2,44,14,7,10,n/a,n/a,2,15,1,0,n/a,n/a,n/a,n/a,n/a,n/a,n/a,n/a,AH/SD,0,vYbph753FndrnXyBy6LDvN,uuid:2f6f1037-1e4c-4b82-8033-551421cc98cc,2f6f1037-1e4c-4b82-8033-551421cc98cc,2017-10-18T20:45:50,,
2017-10-18T16:45:45.000-04:00,subscriberid not found,simserial not found,enketo.sanipath.org:KiImEhjpdcmFInzi,2017-10-18T16:46:46.000-04:00,9,1109,1109,2017-04-17T14:40:00.000-04:00,2017-04-17T18:30:00.000-04:00,2017-04-18T18:30:00.000-04:00,1,n/a,n/a,n/a,7,100,n/a,n/a,2,17,2,7,10,n/a,n/a,2,3,0,0,n/a,n/a,n/a,n/a,n/a,n/a,n/a,n/a,AH/SD,0,vYbph753FndrnXyBy6LDvN,uuid:1863fcfb-9ea9-41fd-9812-d2d16bb456fe,1863fcfb-9ea9-41fd-9812-d2d16bb456fe,2017-10-18T20:46:52,,
2017-10-18T16:46:46.000-04:00,subscriberid not found,simserial not found,enketo.sanipath.org:KiImEhjpdcmFInzi,2017-10-18T16:48:36.000-04:00,3,1111,1111,2017-04-17T14:30:00.000-04:00,2017-04-17T18:30:00.000-04:00,2017-04-18T18:30:00.000-04:00,1,n/a,n/a,n/a,7,100,n/a,n/a,2,49,48,7,10,n/a,n/a,2,49,36,0,n/a,n/a,n/a,n/a,n/a,n/a,n/a,The first dilution is TNTC* status,AH/SD,0,vYbph753FndrnXyBy6LDvN,uuid:41db8faa-7886-482c-b813-3cb488aace7e,41db8faa-7886-482c-b813-3cb488aace7e,2017-10-18T20:48:41,,
2017-10-18T16:48:36.000-04:00,subscriberid not found,simserial not found,enketo.sanipath.org:KiImEhjpdcmFInzi,2017-10-18T16:50:30.000-04:00,10,1113,1113,2017-04-17T15:00:00.000-04:00,2017-04-17T18:30:00.000-04:00,2017-04-18T18:30:00.000-04:00,1,n/a,285.15,n/a,7,10,n/a,n/a,2,5,0,7,1,n/a,n/a,2,1,0,1,6,1,n/a,n/a,2,0,0,n/a,AH/SD,0,vYbph753FndrnXyBy6LDvN,uuid:1cd890fb-31a3-430e-9413-2e92ec5ac69d,1cd890fb-31a3-430e-9413-2e92ec5ac69d,2017-10-18T20:50:35,,
2017-10-18T16:50:30.000-04:00,subscriberid not found,simserial not found,enketo.sanipath.org:KiImEhjpdcmFInzi,2017-10-18T16:51:46.000-04:00,10,1114,1114,2017-04-17T15:00:00.000-04:00,2017-04-17T18:30:00.000-04:00,2017-04-18T18:30:00.000-04:00,1,n/a,401.6,n/a,7,10,n/a,n/a,2,3,0,7,1,n/a,n/a,2,0,0,1,6,1,n/a,n/a,2,0,0,n/a,AH/SD,0,vYbph753FndrnXyBy6LDvN,uuid:003807ce-ef64-400f-8f7f-d7f54235f93e,003807ce-ef64-400f-8f7f-d7f54235f93e,2017-10-18T20:51:51,,
2017-10-18T16:51:46.000-04:00,subscriberid not found,simserial not found,enketo.sanipath.org:KiImEhjpdcmFInzi,2017-10-18T16:52:44.000-04:00,3,1115,1115,2017-04-18T12:30:00.000-04:00,2017-04-18T15:30:00.000-04:00,2017-04-19T15:30:00.000-04:00,1,n/a,n/a,n/a,7,100,n/a,n/a,2,22,2,7,10,n/a,n/a,2,3,0,0,n/a,n/a,n/a,n/a,n/a,n/a,n/a,n/a,AH/SD,0,vYbph753FndrnXyBy6LDvN,uuid:365c0fff-cd22-4658-9934-a2fe3bd07c7c,365c0fff-cd22-4658-9934-a2fe3bd07c7c,2017-10-18T20:52:50,,
2017-10-18T16:52:44.000-04:00,subscriberid not found,simserial not found,enketo.sanipath.org:KiImEhjpdcmFInzi,2017-10-18T16:53:55.000-04:00,3,1116,1116,2017-04-18T12:30:00.000-04:00,2017-04-18T15:30:00.000-04:00,2017-04-19T15:30:00.000-04:00,1,n/a,n/a,n/a,7,100,n/a,n/a,2,49,48,7,10,n/a,n/a,2,49,48,0,n/a,n/a,n/a,n/a,n/a,n/a,n/a,First and second dilutions are TNTC* status,AH/SD,0,vYbph753FndrnXyBy6LDvN,uuid:86971754-d608-4494-9d81-70f8de33b54f,86971754-d608-4494-9d81-70f8de33b54f,2017-10-18T20:54:00,,
2017-10-18T16:53:55.000-04:00,subscriberid not found,simserial not found,enketo.sanipath.org:KiImEhjpdcmFInzi,2017-10-18T16:54:53.000-04:00,9,1117,1117,2017-04-18T12:10:00.000-04:00,2017-04-18T15:30:00.000-04:00,2017-04-19T15:30:00.000-04:00,1,n/a,n/a,n/a,7,100,n/a,n/a,2,22,4,7,10,n/a,n/a,2,4,1,0,n/a,n/a,n/a,n/a,n/a,n/a,n/a,n/a,AH/SD,0,vYbph753FndrnXyBy6LDvN,uuid:2067a379-3a07-44d3-8a2e-5ea66422a309,2067a379-3a07-44d3-8a2e-5ea66422a309,2017-10-18T20:54:58,,
2017-10-18T16:54:53.000-04:00,subscriberid not found,simserial not found,enketo.sanipath.org:KiImEhjpdcmFInzi,2017-10-18T16:56:09.000-04:00,9,1118,1118,2017-04-18T12:00:00.000-04:00,2017-04-18T15:30:00.000-04:00,2017-04-19T15:30:00.000-04:00,1,n/a,n/a,n/a,7,100,n/a,n/a,2,49,48,7,10,n/a,n/a,2,49,48,0,n/a,n/a,n/a,n/a,n/a,n/a,n/a,Both dilutions are TNTC* status,AH/SD,0,vYbph753FndrnXyBy6LDvN,uuid:53070db7-cb4a-49fc-b9a6-7ae6bb8dd3f5,53070db7-cb4a-49fc-b9a6-7ae6bb8dd3f5,2017-10-18T20:56:15,,
2017-10-18T16:56:09.000-04:00,subscriberid not found,simserial not found,enketo.sanipath.org:KiImEhjpdcmFInzi,2017-10-18T16:57:18.000-04:00,9,1119,1119,2017-04-18T12:10:00.000-04:00,2017-04-18T15:30:00.000-04:00,2017-04-19T15:30:00.000-04:00,1,n/a,n/a,n/a,7,100,n/a,n/a,2,49,48,7,10,n/a,n/a,2,49,48,0,n/a,n/a,n/a,n/a,n/a,n/a,n/a,Both dilutions are TNTC* status,AH/SD,0,vYbph753FndrnXyBy6LDvN,uuid:8f3961a7-823c-43bc-aeea-5e98192e64f5,8f3961a7-823c-43bc-aeea-5e98192e64f5,2017-10-18T20:57:24,,
2017-10-18T16:57:18.000-04:00,subscriberid not found,simserial not found,enketo.sanipath.org:KiImEhjpdcmFInzi,2017-10-18T17:02:38.000-04:00,10,1120,1120,2017-04-18T14:20:00.000-04:00,2017-04-18T17:30:00.000-04:00,2017-04-19T17:30:00.000-04:00,1,n/a,405.2,n/a,7,10,n/a,n/a,2,4,1,7,1,n/a,n/a,2,1,0,1,6,1,n/a,n/a,2,0,0,n/a,AH/SD,0,vYbph753FndrnXyBy6LDvN,uuid:d59f2638-33cd-4aa5-9572-0cd539879f7e,d59f2638-33cd-4aa5-9572-0cd539879f7e,2017-10-18T21:02:44,,
2017-10-18T17:02:38.000-04:00,subscriberid not found,simserial not found,enketo.sanipath.org:KiImEhjpdcmFInzi,2017-10-18T17:03:57.000-04:00,10,1121,1121,2017-04-18T14:20:00.000-04:00,2017-04-18T17:30:00.000-04:00,2017-04-19T17:30:00.000-04:00,1,n/a,241.25,n/a,7,10,n/a,n/a,2,0,0,7,1,n/a,n/a,2,0,0,1,6,1,n/a,n/a,2,0,0,n/a,AH/SD,0,vYbph753FndrnXyBy6LDvN,uuid:e5a49241-777c-4445-a8c2-da61636c866f,e5a49241-777c-4445-a8c2-da61636c866f,2017-10-18T21:04:02,,
2017-10-18T17:03:57.000-04:00,subscriberid not found,simserial not found,enketo.sanipath.org:KiImEhjpdcmFInzi,2017-10-18T17:05:11.000-04:00,10,1122,1122,2017-04-18T14:10:00.000-04:00,2017-04-18T17:30:00.000-04:00,2017-04-19T17:30:00.000-04:00,1,n/a,572.55,n/a,7,10,n/a,n/a,2,2,0,7,1,n/a,n/a,2,0,0,1,6,1,n/a,n/a,2,0,0,n/a,AH/SD,0,vYbph753FndrnXyBy6LDvN,uuid:d8f2b5d5-3ace-48fc-a730-0612a4ec0345,d8f2b5d5-3ace-48fc-a730-0612a4ec0345,2017-10-18T21:05:17,,
2017-10-18T17:05:11.000-04:00,subscriberid not found,simserial not found,enketo.sanipath.org:KiImEhjpdcmFInzi,2017-10-18T17:07:32.000-04:00,8,1123,1123,2017-04-18T14:10:00.000-04:00,2017-04-18T17:30:00.000-04:00,2017-04-19T17:30:00.000-04:00,1,n/a,n/a,10.39,7,1,n/a,n/a,2,3,0,6,1,n/a,n/a,2,0,1,1,5,1,n/a,n/a,2,0,0,n/a,AH/SD,0,vYbph753FndrnXyBy6LDvN,uuid:e109727d-97db-4181-98d1-1ef8a6b75aa6,e109727d-97db-4181-98d1-1ef8a6b75aa6,2017-10-18T21:07:37,,
2017-10-18T17:07:32.000-04:00,subscriberid not found,simserial not found,enketo.sanipath.org:KiImEhjpdcmFInzi,2017-10-18T17:08:38.000-04:00,8,1124,1124,2017-04-18T14:10:00.000-04:00,2017-04-18T17:30:00.000-04:00,2017-04-19T17:30:00.000-04:00,1,n/a,n/a,10.11,7,1,n/a,n/a,2,49,32,6,1,n/a,n/a,2,26,2,1,5,1,n/a,n/a,2,2,0,n/a,AH/SD,0,vYbph753FndrnXyBy6LDvN,uuid:2beeb9ab-099c-4424-9033-76a945ef904c,2beeb9ab-099c-4424-9033-76a945ef904c,2017-10-18T21:08:43,,
2017-10-18T17:08:38.000-04:00,subscriberid not found,simserial not found,enketo.sanipath.org:KiImEhjpdcmFInzi,2017-10-18T17:09:53.000-04:00,5,1125,1125,2017-04-18T13:10:00.000-04:00,2017-04-18T17:30:00.000-04:00,2017-04-19T17:30:00.000-04:00,1,n/a,n/a,n/a,7,10,n/a,n/a,2,49,44,7,1,n/a,n/a,2,45,9,1,6,1,n/a,n/a,2,9,1,n/a,AH/SD,0,vYbph753FndrnXyBy6LDvN,uuid:d8b1ec61-b43a-4ab9-b1c7-fbb46b3d0a06,d8b1ec61-b43a-4ab9-b1c7-fbb46b3d0a06,2017-10-18T21:09:59,,
2017-10-18T17:09:53.000-04:00,subscriberid not found,simserial not found,enketo.sanipath.org:KiImEhjpdcmFInzi,2017-10-18T17:11:21.000-04:00,5,1126,1126,2017-04-18T13:10:00.000-04:00,2017-04-18T17:30:00.000-04:00,2017-04-19T17:30:00.000-04:00,1,n/a,n/a,n/a,7,10,n/a,n/a,2,49,46,7,1,n/a,n/a,2,48,16,1,6,1,n/a,n/a,2,8,1,n/a,AH/SD,0,vYbph753FndrnXyBy6LDvN,uuid:0e7dd6fb-db9f-40eb-a00c-8543e32bdb97,0e7dd6fb-db9f-40eb-a00c-8543e32bdb97,2017-10-18T21:11:26,,
2017-10-18T17:11:21.000-04:00,subscriberid not found,simserial not found,enketo.sanipath.org:KiImEhjpdcmFInzi,2017-10-18T17:12:39.000-04:00,5,1127,1127,2017-04-18T15:10:00.000-04:00,2017-04-18T17:30:00.000-04:00,2017-04-19T17:30:00.000-04:00,1,n/a,n/a,n/a,7,10,n/a,n/a,2,49,48,7,1,n/a,n/a,2,49,48,1,6,1,n/a,n/a,2,49,41,first and second dilutions are TNTC* status,AH/SD,0,vYbph753FndrnXyBy6LDvN,uuid:51b10be2-a76f-43e0-8233-32885533a4c2,51b10be2-a76f-43e0-8233-32885533a4c2,2017-10-18T21:12:45,,
2017-10-18T17:14:38.000-04:00,subscriberid not found,simserial not found,enketo.sanipath.org:KiImEhjpdcmFInzi,2017-10-18T17:16:09.000-04:00,2,1129,1129,2017-04-18T15:30:00.000-04:00,2017-04-18T17:30:00.000-04:00,2017-04-19T17:30:00.000-04:00,1,174.39,n/a,n/a,7,10,n/a,n/a,2,49,48,7,1,n/a,n/a,2,49,27,1,6,1,n/a,n/a,2,32,7,Frist dilution is TNTC* status,AH/SD,0,vYbph753FndrnXyBy6LDvN,uuid:0256c0d1-1b94-409e-a383-497055ba7722,0256c0d1-1b94-409e-a383-497055ba7722,2017-10-18T21:16:14,,
2017-10-18T17:16:09.000-04:00,subscriberid not found,simserial not found,enketo.sanipath.org:KiImEhjpdcmFInzi,2017-10-18T17:17:35.000-04:00,2,1128,1128,2017-04-18T15:30:00.000-04:00,2017-04-18T17:30:00.000-04:00,2017-04-19T17:30:00.000-04:00,1,14.9,n/a,n/a,7,10,n/a,n/a,2,47,14,7,1,n/a,n/a,2,12,0,1,6,1,n/a,n/a,2,1,1,n/a,AH/SD,0,vYbph753FndrnXyBy6LDvN,uuid:33bb2ccb-9f3e-4b6e-94ac-b9acc9b58f83,33bb2ccb-9f3e-4b6e-94ac-b9acc9b58f83,2017-10-18T21:17:40,,
2017-10-18T17:17:35.000-04:00,subscriberid not found,simserial not found,enketo.sanipath.org:KiImEhjpdcmFInzi,2017-10-18T17:23:04.000-04:00,7,1130,1130,2017-04-18T14:30:00.000-04:00,2017-04-18T17:30:00.000-04:00,2017-04-19T17:30:00.000-04:00,1,n/a,n/a,n/a,7,10,n/a,n/a,2,0,0,6,1,n/a,n/a,2,0,0,0,n/a,n/a,n/a,n/a,n/a,n/a,n/a,n/a,AH/SD,0,vYbph753FndrnXyBy6LDvN,uuid:c96ba281-1997-47fe-b446-9b80bdff3bce,c96ba281-1997-47fe-b446-9b80bdff3bce,2017-10-18T21:23:09,,
2017-10-18T17:23:04.000-04:00,subscriberid not found,simserial not found,enketo.sanipath.org:KiImEhjpdcmFInzi,2017-10-18T17:24:20.000-04:00,7,1131,1131,2017-04-18T14:30:00.000-04:00,2017-04-18T17:30:00.000-04:00,2017-04-19T17:30:00.000-04:00,1,n/a,n/a,n/a,7,10,n/a,n/a,2,0,0,6,1,n/a,n/a,2,0,0,0,n/a,n/a,n/a,n/a,n/a,n/a,n/a,n/a,AH/SD,0,vYbph753FndrnXyBy6LDvN,uuid:31781e9a-2438-416f-8113-d204cb1e5267,31781e9a-2438-416f-8113-d204cb1e5267,2017-10-18T21:24:25,,
2017-10-18T17:24:20.000-04:00,subscriberid not found,simserial not found,enketo.sanipath.org:KiImEhjpdcmFInzi,2017-10-18T17:25:43.000-04:00,7,1132,1132,2017-04-18T14:30:00.000-04:00,2017-04-18T17:30:00.000-04:00,2017-04-19T17:30:00.000-04:00,1,n/a,n/a,n/a,7,10,n/a,n/a,2,0,0,6,1,n/a,n/a,2,0,0,0,n/a,n/a,n/a,n/a,n/a,n/a,n/a,n/a,AH/SD,0,vYbph753FndrnXyBy6LDvN,uuid:3591da38-6c5d-4109-80de-a449b87c929e,3591da38-6c5d-4109-80de-a449b87c929e,2017-10-18T21:25:48,,
2017-10-18T17:25:43.000-04:00,subscriberid not found,simserial not found,enketo.sanipath.org:KiImEhjpdcmFInzi,2017-10-18T17:27:49.000-04:00,1,1136,1136,2017-04-18T12:50:00.000-04:00,2017-04-18T17:30:00.000-04:00,2017-04-19T17:30:00.000-04:00,1,n/a,n/a,n/a,4,1,n/a,n/a,2,49,46,3,1,n/a,n/a,2,49,8,0,n/a,n/a,n/a,n/a,n/a,n/a,n/a,n/a,AH/SD,0,vYbph753FndrnXyBy6LDvN,uuid:34fca659-77d7-46de-a6b6-2478895f376a,34fca659-77d7-46de-a6b6-2478895f376a,2017-10-18T21:27:54,,
2017-10-18T17:27:49.000-04:00,subscriberid not found,simserial not found,enketo.sanipath.org:KiImEhjpdcmFInzi,2017-10-18T17:29:07.000-04:00,1,1137,1137,2017-04-18T12:50:00.000-04:00,2017-04-18T17:30:00.000-04:00,2017-04-19T17:30:00.000-04:00,1,n/a,n/a,n/a,4,1,n/a,n/a,2,17,4,3,1,n/a,n/a,2,3,0,0,n/a,n/a,n/a,n/a,n/a,n/a,n/a,n/a,AH/SD,0,vYbph753FndrnXyBy6LDvN,uuid:8ce6f488-7de1-4c72-8790-a91ed0b895bd,8ce6f488-7de1-4c72-8790-a91ed0b895bd,2017-10-18T21:29:13,,
2017-10-18T17:29:08.000-04:00,subscriberid not found,simserial not found,enketo.sanipath.org:KiImEhjpdcmFInzi,2017-10-18T17:30:33.000-04:00,3,1110,1110,2017-04-17T14:30:00.000-04:00,2017-04-17T18:30:00.000-04:00,2017-04-18T18:30:00.000-04:00,1,n/a,n/a,n/a,7,100,n/a,n/a,2,1,1,7,10,n/a,n/a,2,0,1,0,n/a,n/a,n/a,n/a,n/a,n/a,n/a,n/a,AH/SD,0,vYbph753FndrnXyBy6LDvN,uuid:96f913ed-689e-45c0-b159-0dc3d567eb2d,96f913ed-689e-45c0-b159-0dc3d567eb2d,2017-10-18T21:30:38,,
2017-10-18T19:09:49.000-04:00,subscriberid not found,simserial not found,enketo.sanipath.org:iB2IiPlkPaFNoBNl,2017-10-18T19:12:02.000-04:00,1,1138,1138,2017-04-18T12:50:00.000-04:00,2017-04-18T17:30:00.000-04:00,2017-04-19T17:30:00.000-04:00,1,n/a,n/a,n/a,4,1,n/a,n/a,2,47,6,3,1,n/a,n/a,2,11,3,0,n/a,n/a,n/a,n/a,n/a,n/a,n/a,n/a,AH/SD,0,vYbph753FndrnXyBy6LDvN,uuid:d42da47c-106f-478b-8e6c-9ee9f5f05b1c,d42da47c-106f-478b-8e6c-9ee9f5f05b1c,2017-10-18T23:12:06,,
2017-10-18T19:12:02.000-04:00,subscriberid not found,simserial not found,enketo.sanipath.org:iB2IiPlkPaFNoBNl,2017-10-18T19:13:13.000-04:00,3,1139,1139,2017-04-19T12:15:00.000-04:00,2017-04-19T13:45:00.000-04:00,2017-04-20T13:50:00.000-04:00,1,n/a,n/a,n/a,7,100,n/a,n/a,2,34,5,7,10,n/a,n/a,2,6,1,0,n/a,n/a,n/a,n/a,n/a,n/a,n/a,n/a,AH/SD,0,vYbph753FndrnXyBy6LDvN,uuid:73f9f4dc-24ab-4c05-b9ab-661b73a7287d,73f9f4dc-24ab-4c05-b9ab-661b73a7287d,2017-10-18T23:13:17,,
2017-10-18T19:13:13.000-04:00,subscriberid not found,simserial not found,enketo.sanipath.org:iB2IiPlkPaFNoBNl,2017-10-18T19:14:25.000-04:00,3,1140,1140,2017-04-19T12:15:00.000-04:00,2017-04-19T13:45:00.000-04:00,2017-04-20T13:50:00.000-04:00,1,n/a,n/a,n/a,7,100,n/a,n/a,2,49,48,7,10,n/a,n/a,2,49,39,0,n/a,n/a,n/a,n/a,n/a,n/a,n/a,First dilution is TNTC* status,AH/SD,0,vYbph753FndrnXyBy6LDvN,uuid:33d21a25-b2fd-4d7b-8621-d4ee7bc88b84,33d21a25-b2fd-4d7b-8621-d4ee7bc88b84,2017-10-18T23:14:29,,
2017-10-18T19:14:25.000-04:00,subscriberid not found,simserial not found,enketo.sanipath.org:iB2IiPlkPaFNoBNl,2017-10-18T19:15:27.000-04:00,3,1141,1141,2017-04-19T13:10:00.000-04:00,2017-04-19T17:30:00.000-04:00,2017-04-20T17:30:00.000-04:00,1,n/a,n/a,n/a,7,100,n/a,n/a,2,49,47,7,10,n/a,n/a,2,49,29,0,n/a,n/a,n/a,n/a,n/a,n/a,n/a,n/a,AH/SD,0,vYbph753FndrnXyBy6LDvN,uuid:c64ac0f7-31ba-46bd-9cd7-f9ae5ba9b3e9,c64ac0f7-31ba-46bd-9cd7-f9ae5ba9b3e9,2017-10-18T23:15:31,,
2017-10-18T19:15:27.000-04:00,subscriberid not found,simserial not found,enketo.sanipath.org:iB2IiPlkPaFNoBNl,2017-10-18T19:16:29.000-04:00,9,1142,1142,2017-04-19T12:15:00.000-04:00,2017-04-19T13:45:00.000-04:00,2017-04-20T13:50:00.000-04:00,1,n/a,n/a,n/a,7,100,n/a,n/a,2,32,6,7,10,n/a,n/a,2,6,2,0,n/a,n/a,n/a,n/a,n/a,n/a,n/a,n/a,AH/SD,0,vYbph753FndrnXyBy6LDvN,uuid:9f15d1f1-07b4-4915-9baa-941ec1b2e0d4,9f15d1f1-07b4-4915-9baa-941ec1b2e0d4,2017-10-18T23:16:33,,
2017-10-18T19:16:29.000-04:00,subscriberid not found,simserial not found,enketo.sanipath.org:iB2IiPlkPaFNoBNl,2017-10-18T19:18:53.000-04:00,10,1144,1144,2017-04-19T15:40:00.000-04:00,2017-04-19T17:30:00.000-04:00,2017-04-20T17:30:00.000-04:00,1,n/a,315.75,n/a,7,10,n/a,n/a,2,39,4,7,1,n/a,n/a,2,9,0,1,6,1,n/a,n/a,2,0,0,n/a,AH/SD,0,vYbph753FndrnXyBy6LDvN,uuid:d25fbb54-91fa-4d77-a85c-07c10eb5b2d9,d25fbb54-91fa-4d77-a85c-07c10eb5b2d9,2017-10-18T23:18:57,,
2017-10-18T19:18:53.000-04:00,subscriberid not found,simserial not found,enketo.sanipath.org:iB2IiPlkPaFNoBNl,2017-10-18T19:20:09.000-04:00,10,1145,1145,2017-04-19T15:40:00.000-04:00,2017-04-19T17:30:00.000-04:00,2017-04-20T17:30:00.000-04:00,1,n/a,175.44,n/a,7,10,n/a,n/a,2,6,0,7,1,n/a,n/a,2,0,0,1,6,1,n/a,n/a,2,0,0,n/a,AH/SD,0,vYbph753FndrnXyBy6LDvN,uuid:ea405d53-65a6-4ecc-955f-67b97e172ca4,ea405d53-65a6-4ecc-955f-67b97e172ca4,2017-10-18T23:20:13,,
2017-10-18T19:20:09.000-04:00,subscriberid not found,simserial not found,enketo.sanipath.org:iB2IiPlkPaFNoBNl,2017-10-18T19:21:27.000-04:00,10,1146,1146,2017-04-19T15:40:00.000-04:00,2017-04-19T17:30:00.000-04:00,2017-04-20T17:30:00.000-04:00,1,n/a,75.18,n/a,7,10,n/a,n/a,2,49,11,7,1,n/a,n/a,2,27,4,1,6,1,n/a,n/a,2,1,0,n/a,AH/SD,0,vYbph753FndrnXyBy6LDvN,uuid:cbd823ad-bef1-4bf2-89b6-d1b4d4df7732,cbd823ad-bef1-4bf2-89b6-d1b4d4df7732,2017-10-18T23:21:31,,
2017-10-18T19:21:27.000-04:00,subscriberid not found,simserial not found,enketo.sanipath.org:iB2IiPlkPaFNoBNl,2017-10-18T19:22:41.000-04:00,8,1147,1147,2017-04-19T11:30:00.000-04:00,2017-04-19T13:45:00.000-04:00,2017-04-20T13:50:00.000-04:00,1,n/a,n/a,10.34,7,1,n/a,n/a,2,16,0,6,1,n/a,n/a,2,4,0,1,5,1,n/a,n/a,2,0,0,n/a,AH/SD,0,vYbph753FndrnXyBy6LDvN,uuid:71fe6103-44a6-4772-8b40-a75e364060b9,71fe6103-44a6-4772-8b40-a75e364060b9,2017-10-18T23:22:45,,
2017-10-18T19:22:41.000-04:00,subscriberid not found,simserial not found,enketo.sanipath.org:iB2IiPlkPaFNoBNl,2017-10-18T19:23:53.000-04:00,8,1148,1148,2017-04-19T11:30:00.000-04:00,2017-04-19T13:45:00.000-04:00,2017-04-20T13:50:00.000-04:00,1,n/a,n/a,9.66,7,1,n/a,n/a,2,35,3,6,1,n/a,n/a,2,6,1,1,5,1,n/a,n/a,2,3,0,n/a,AH/SD,0,vYbph753FndrnXyBy6LDvN,uuid:cd1b59ee-b29e-4e8b-8773-18804ebd9c0d,cd1b59ee-b29e-4e8b-8773-18804ebd9c0d,2017-10-18T23:23:57,,
2017-10-18T19:23:53.000-04:00,subscriberid not found,simserial not found,enketo.sanipath.org:iB2IiPlkPaFNoBNl,2017-10-18T19:24:59.000-04:00,8,1149,1149,2017-04-19T11:30:00.000-04:00,2017-04-19T13:45:00.000-04:00,2017-04-20T13:50:00.000-04:00,1,n/a,n/a,10.12,7,1,n/a,n/a,2,0,0,6,1,n/a,n/a,2,0,0,1,5,1,n/a,n/a,2,0,0,n/a,AH/SD,0,vYbph753FndrnXyBy6LDvN,uuid:6496e87b-01be-4f55-8d73-4f0c6e241c33,6496e87b-01be-4f55-8d73-4f0c6e241c33,2017-10-18T23:25:03,,
2017-10-18T19:24:59.000-04:00,subscriberid not found,simserial not found,enketo.sanipath.org:iB2IiPlkPaFNoBNl,2017-10-18T19:26:20.000-04:00,5,1150,1150,2017-04-19T15:00:00.000-04:00,2017-04-19T17:30:00.000-04:00,2017-04-20T17:30:00.000-04:00,1,n/a,n/a,n/a,7,10,n/a,n/a,2,49,48,7,1,n/a,n/a,2,49,48,1,6,1,n/a,n/a,2,49,43,First and second dilutions are TNTC* status,AH/SD,0,vYbph753FndrnXyBy6LDvN,uuid:579f40f1-e3d3-47a8-910c-7c8924db246f,579f40f1-e3d3-47a8-910c-7c8924db246f,2017-10-18T23:26:24,,
2017-10-20T17:02:56.000-04:00,subscriberid not found,simserial not found,enketo.sanipath.org:tqAq2BpxcPSi0bLd,2017-10-20T17:05:34.000-04:00,5,1151,1151,2017-04-19T15:00:00.000-04:00,2017-04-19T17:30:00.000-04:00,2017-04-20T17:30:00.000-04:00,1,n/a,n/a,n/a,7,10,n/a,n/a,2,49,48,7,1,n/a,n/a,2,49,48,1,6,1,n/a,n/a,2,49,32,First and second dilutions are TNTC* status,AH/SD,0,vYbph753FndrnXyBy6LDvN,uuid:4b8406dc-51d4-4768-96b8-7c0e067fbb3c,4b8406dc-51d4-4768-96b8-7c0e067fbb3c,2017-10-20T21:05:39,,
2017-10-20T17:05:34.000-04:00,subscriberid not found,simserial not found,enketo.sanipath.org:tqAq2BpxcPSi0bLd,2017-10-20T17:06:55.000-04:00,2,1152,1152,2017-04-19T11:45:00.000-04:00,2017-04-19T13:45:00.000-04:00,2017-04-20T13:50:00.000-04:00,1,136.738,n/a,n/a,7,10,n/a,n/a,2,49,23,7,1,n/a,n/a,2,24,3,1,6,1,n/a,n/a,2,5,0,n/a,AH/SD,0,vYbph753FndrnXyBy6LDvN,uuid:d12654a1-91c9-46a8-b66a-96130a3ced80,d12654a1-91c9-46a8-b66a-96130a3ced80,2017-10-20T21:07:00,,
2017-10-20T17:06:55.000-04:00,subscriberid not found,simserial not found,enketo.sanipath.org:tqAq2BpxcPSi0bLd,2017-10-20T17:08:20.000-04:00,2,1153,1153,2017-04-19T11:45:00.000-04:00,2017-04-19T13:45:00.000-04:00,2017-04-20T13:50:00.000-04:00,1,14.95,n/a,n/a,7,10,n/a,n/a,2,49,48,7,1,n/a,n/a,2,49,46,1,6,1,n/a,n/a,2,47,16,First dilution is TNTC* status,AH/SD,0,vYbph753FndrnXyBy6LDvN,uuid:97a82532-baf3-432f-8bb1-b4ca8f7c180a,97a82532-baf3-432f-8bb1-b4ca8f7c180a,2017-10-20T21:08:26,,
2017-10-20T17:08:21.000-04:00,subscriberid not found,simserial not found,enketo.sanipath.org:tqAq2BpxcPSi0bLd,2017-10-20T17:09:34.000-04:00,2,1154,1154,2017-04-19T11:45:00.000-04:00,2017-04-19T13:45:00.000-04:00,2017-04-20T13:50:00.000-04:00,1,169.13,n/a,n/a,7,10,n/a,n/a,2,22,2,7,1,n/a,n/a,2,1,0,1,6,1,n/a,n/a,2,0,0,n/a,AH/SD,0,vYbph753FndrnXyBy6LDvN,uuid:c9b01cd4-b93f-4ab9-ba63-ad2254fb97ee,c9b01cd4-b93f-4ab9-ba63-ad2254fb97ee,2017-10-20T21:09:39,,
2017-10-20T17:09:34.000-04:00,subscriberid not found,simserial not found,enketo.sanipath.org:tqAq2BpxcPSi0bLd,2017-10-20T17:10:30.000-04:00,7,1155,1155,2017-04-19T12:30:00.000-04:00,2017-04-19T13:45:00.000-04:00,2017-04-20T13:50:00.000-04:00,1,n/a,n/a,n/a,7,10,n/a,n/a,2,0,0,6,1,n/a,n/a,2,0,0,0,n/a,n/a,n/a,n/a,n/a,n/a,n/a,n/a,AH/SD,0,vYbph753FndrnXyBy6LDvN,uuid:c2256009-bc72-4a8d-a87d-a702a7142469,c2256009-bc72-4a8d-a87d-a702a7142469,2017-10-20T21:10:35,,
2017-10-20T17:10:30.000-04:00,subscriberid not found,simserial not found,enketo.sanipath.org:tqAq2BpxcPSi0bLd,2017-10-20T17:11:35.000-04:00,7,1156,1156,2017-04-19T12:20:00.000-04:00,2017-04-19T13:45:00.000-04:00,2017-04-20T13:50:00.000-04:00,1,n/a,n/a,n/a,7,10,n/a,n/a,2,0,0,6,1,n/a,n/a,2,0,0,0,n/a,n/a,n/a,n/a,n/a,n/a,n/a,n/a,AH/SD,0,vYbph753FndrnXyBy6LDvN,uuid:77506544-0dfa-47cb-b826-389a168f411f,77506544-0dfa-47cb-b826-389a168f411f,2017-10-20T21:11:41,,
2017-10-20T17:11:36.000-04:00,subscriberid not found,simserial not found,enketo.sanipath.org:tqAq2BpxcPSi0bLd,2017-10-20T17:12:57.000-04:00,1,1160,1160,2017-04-19T12:30:00.000-04:00,2017-04-19T13:45:00.000-04:00,2017-04-20T13:50:00.000-04:00,1,n/a,n/a,n/a,4,1,n/a,n/a,2,49,25,3,1,n/a,n/a,2,27,6,0,n/a,n/a,n/a,n/a,n/a,n/a,n/a,n/a,AH/SD,0,vYbph753FndrnXyBy6LDvN,uuid:a8d29b5e-2fb5-41c7-b8ff-42bb8ef623cd,a8d29b5e-2fb5-41c7-b8ff-42bb8ef623cd,2017-10-20T21:13:02,,
2017-10-20T17:12:57.000-04:00,subscriberid not found,simserial not found,enketo.sanipath.org:tqAq2BpxcPSi0bLd,2017-10-20T17:13:53.000-04:00,1,1161,1161,2017-04-19T12:30:00.000-04:00,2017-04-19T13:45:00.000-04:00,2017-04-20T13:50:00.000-04:00,1,n/a,n/a,n/a,4,1,n/a,n/a,2,49,43,3,1,n/a,n/a,2,35,9,0,n/a,n/a,n/a,n/a,n/a,n/a,n/a,n/a,AH/SD,0,vYbph753FndrnXyBy6LDvN,uuid:e33e6b65-5d35-4624-84d2-78fd87401223,e33e6b65-5d35-4624-84d2-78fd87401223,2017-10-20T21:13:59,,
2017-10-20T17:13:54.000-04:00,subscriberid not found,simserial not found,enketo.sanipath.org:tqAq2BpxcPSi0bLd,2017-10-20T17:14:56.000-04:00,1,1162,1162,2017-04-19T15:10:00.000-04:00,2017-04-19T17:30:00.000-04:00,2017-04-20T17:30:00.000-04:00,1,n/a,n/a,n/a,4,1,n/a,n/a,2,47,23,3,1,n/a,n/a,2,15,1,0,n/a,n/a,n/a,n/a,n/a,n/a,n/a,n/a,AH/SD,0,vYbph753FndrnXyBy6LDvN,uuid:114357eb-2688-4c05-b691-334c63924574,114357eb-2688-4c05-b691-334c63924574,2017-10-20T21:15:02,,
2017-10-20T17:14:56.000-04:00,subscriberid not found,simserial not found,enketo.sanipath.org:tqAq2BpxcPSi0bLd,2017-10-20T17:15:52.000-04:00,7,1163,1163,2017-04-20T14:00:00.000-04:00,2017-04-20T17:30:00.000-04:00,2017-04-21T17:30:00.000-04:00,1,n/a,n/a,n/a,7,10,n/a,n/a,2,4,0,6,1,n/a,n/a,2,0,0,0,n/a,n/a,n/a,n/a,n/a,n/a,n/a,n/a,AH/SD,0,vYbph753FndrnXyBy6LDvN,uuid:899617ea-c9a2-49f4-9e35-3880410cd54a,899617ea-c9a2-49f4-9e35-3880410cd54a,2017-10-20T21:15:57,,
2017-10-20T17:15:52.000-04:00,subscriberid not found,simserial not found,enketo.sanipath.org:tqAq2BpxcPSi0bLd,2017-10-20T17:16:49.000-04:00,7,1164,1164,2017-04-20T14:00:00.000-04:00,2017-04-20T17:30:00.000-04:00,2017-04-21T17:30:00.000-04:00,1,n/a,n/a,n/a,7,10,n/a,n/a,2,0,0,6,1,n/a,n/a,2,0,0,0,n/a,n/a,n/a,n/a,n/a,n/a,n/a,n/a,AH/SD,0,vYbph753FndrnXyBy6LDvN,uuid:c018c18c-d1a1-4958-96e6-980816349ae8,c018c18c-d1a1-4958-96e6-980816349ae8,2017-10-20T21:16:55,,
2017-10-20T17:16:50.000-04:00,subscriberid not found,simserial not found,enketo.sanipath.org:tqAq2BpxcPSi0bLd,2017-10-20T17:17:41.000-04:00,7,1165,1165,2017-04-20T14:00:00.000-04:00,2017-04-20T17:30:00.000-04:00,2017-04-21T17:30:00.000-04:00,1,n/a,n/a,n/a,7,10,n/a,n/a,2,0,0,6,1,n/a,n/a,2,0,0,0,n/a,n/a,n/a,n/a,n/a,n/a,n/a,n/a,AH/SD,0,vYbph753FndrnXyBy6LDvN,uuid:f1786ecc-9615-4dd4-bae1-c5cb003e9b26,f1786ecc-9615-4dd4-bae1-c5cb003e9b26,2017-10-20T21:17:46,,
2017-10-20T17:17:41.000-04:00,subscriberid not found,simserial not found,enketo.sanipath.org:tqAq2BpxcPSi0bLd,2017-10-20T17:18:36.000-04:00,1,1166,1166,2017-04-20T15:40:00.000-04:00,2017-04-20T17:40:00.000-04:00,2017-04-21T17:30:00.000-04:00,1,n/a,n/a,n/a,4,1,n/a,n/a,2,49,40,3,1,n/a,n/a,2,42,12,0,n/a,n/a,n/a,n/a,n/a,n/a,n/a,n/a,AH/SD,0,vYbph753FndrnXyBy6LDvN,uuid:f1514ffd-5cf5-44b6-bb21-2776295fd6b2,f1514ffd-5cf5-44b6-bb21-2776295fd6b2,2017-10-20T21:18:41,,
2017-10-20T17:18:36.000-04:00,subscriberid not found,simserial not found,enketo.sanipath.org:tqAq2BpxcPSi0bLd,2017-10-20T17:19:34.000-04:00,1,1167,1167,2017-04-20T15:40:00.000-04:00,2017-04-20T17:40:00.000-04:00,2017-04-21T17:30:00.000-04:00,1,n/a,n/a,n/a,4,1,n/a,n/a,2,49,42,3,1,n/a,n/a,2,40,7,0,n/a,n/a,n/a,n/a,n/a,n/a,n/a,n/a,AH/SD,0,vYbph753FndrnXyBy6LDvN,uuid:43158f8e-06dc-4bcd-a1e2-4a4331493307,43158f8e-06dc-4bcd-a1e2-4a4331493307,2017-10-20T21:19:40,,
2017-10-20T17:19:35.000-04:00,subscriberid not found,simserial not found,enketo.sanipath.org:tqAq2BpxcPSi0bLd,2017-10-20T17:21:00.000-04:00,8,1170,1170,2017-04-20T15:00:00.000-04:00,2017-04-20T17:30:00.000-04:00,2017-04-21T17:30:00.000-04:00,1,n/a,n/a,9.87,7,1,n/a,n/a,2,49,21,6,1,n/a,n/a,2,19,2,1,5,1,n/a,n/a,2,3,0,n/a,AH/SD,0,vYbph753FndrnXyBy6LDvN,uuid:e3207872-a89a-45aa-9469-a83ebceaa8d4,e3207872-a89a-45aa-9469-a83ebceaa8d4,2017-10-20T21:21:05,,
2017-10-20T17:21:00.000-04:00,subscriberid not found,simserial not found,enketo.sanipath.org:tqAq2BpxcPSi0bLd,2017-10-20T17:22:07.000-04:00,8,1171,1171,2017-04-20T14:00:00.000-04:00,2017-04-20T17:30:00.000-04:00,2017-04-21T17:30:00.000-04:00,1,n/a,n/a,10.21,7,1,n/a,n/a,2,49,12,6,1,n/a,n/a,2,28,1,1,5,1,n/a,n/a,2,1,0,n/a,AH/SD,0,vYbph753FndrnXyBy6LDvN,uuid:2ad96689-9591-4189-9b25-3a59b894f2d5,2ad96689-9591-4189-9b25-3a59b894f2d5,2017-10-20T21:22:13,,
2017-10-20T17:22:08.000-04:00,subscriberid not found,simserial not found,enketo.sanipath.org:tqAq2BpxcPSi0bLd,2017-10-20T17:23:23.000-04:00,5,1172,1172,2017-04-20T15:00:00.000-04:00,2017-04-20T17:30:00.000-04:00,2017-04-21T17:30:00.000-04:00,1,n/a,n/a,n/a,7,10,n/a,n/a,2,49,47,7,1,n/a,n/a,2,49,18,1,6,1,n/a,n/a,2,20,1,n/a,AH/SD,0,vYbph753FndrnXyBy6LDvN,uuid:86156159-05b7-4df9-9195-b9562104612e,86156159-05b7-4df9-9195-b9562104612e,2017-10-20T21:23:29,,
2017-10-20T17:23:24.000-04:00,subscriberid not found,simserial not found,enketo.sanipath.org:tqAq2BpxcPSi0bLd,2017-10-20T17:24:51.000-04:00,5,1173,1173,2017-04-20T15:00:00.000-04:00,2017-04-20T17:30:00.000-04:00,2017-04-21T17:30:00.000-04:00,1,n/a,n/a,n/a,7,10,n/a,n/a,2,49,48,7,1,n/a,n/a,2,49,25,1,6,1,n/a,n/a,2,18,3,First dilution is TNTC* status,AH/SD,0,vYbph753FndrnXyBy6LDvN,uuid:96401e69-3007-43fc-9047-801adbbb398f,96401e69-3007-43fc-9047-801adbbb398f,2017-10-20T21:24:57,,
2017-10-20T17:24:51.000-04:00,subscriberid not found,simserial not found,enketo.sanipath.org:tqAq2BpxcPSi0bLd,2017-10-20T17:26:00.000-04:00,2,1174,1174,2017-04-20T15:30:00.000-04:00,2017-04-20T17:30:00.000-04:00,2017-04-21T17:30:00.000-04:00,1,714.85,n/a,n/a,7,10,n/a,n/a,2,0,0,7,1,n/a,n/a,2,0,0,1,6,1,n/a,n/a,2,0,0,n/a,AH/SD,0,vYbph753FndrnXyBy6LDvN,uuid:a41c64f2-eaf1-4549-b341-3a8420c92771,a41c64f2-eaf1-4549-b341-3a8420c92771,2017-10-20T21:26:06,,
2017-10-20T17:26:01.000-04:00,subscriberid not found,simserial not found,enketo.sanipath.org:tqAq2BpxcPSi0bLd,2017-10-20T17:43:41.000-04:00,10,1175,1175,2017-04-20T15:30:00.000-04:00,2017-04-20T17:30:00.000-04:00,2017-04-21T17:30:00.000-04:00,1,n/a,218.42,n/a,7,10,n/a,n/a,2,0,0,7,1,n/a,n/a,2,0,0,1,6,1,n/a,n/a,2,0,0,n/a,AH/SD,0,vYbph753FndrnXyBy6LDvN,uuid:0a4c8d95-b9f3-48ad-a41f-3afd866a437a,0a4c8d95-b9f3-48ad-a41f-3afd866a437a,2017-10-20T21:43:46,,
2017-10-20T17:43:41.000-04:00,subscriberid not found,simserial not found,enketo.sanipath.org:tqAq2BpxcPSi0bLd,2017-10-20T17:45:42.000-04:00,10,1176,1176,2017-04-20T15:30:00.000-04:00,2017-04-20T17:30:00.000-04:00,2017-04-21T17:30:00.000-04:00,1,n/a,751.15,n/a,7,10,n/a,n/a,2,3,0,7,1,n/a,n/a,2,0,0,1,6,1,n/a,n/a,2,0,0,n/a,AH/SD,0,vYbph753FndrnXyBy6LDvN,uuid:af4b5a60-cd8c-43c6-a877-5182f8018e04,af4b5a60-cd8c-43c6-a877-5182f8018e04,2017-10-20T21:45:48,,
2017-10-20T17:45:43.000-04:00,subscriberid not found,simserial not found,enketo.sanipath.org:tqAq2BpxcPSi0bLd,2017-10-20T17:46:55.000-04:00,3,1177,1177,2017-04-20T14:30:00.000-04:00,2017-04-20T17:30:00.000-04:00,2017-04-21T17:30:00.000-04:00,1,n/a,n/a,n/a,7,100,n/a,n/a,2,6,1,7,10,n/a,n/a,2,3,1,0,n/a,n/a,n/a,n/a,n/a,n/a,n/a,n/a,AH/SD,0,vYbph753FndrnXyBy6LDvN,uuid:57092969-76a2-49bc-9b25-74dd01ca648e,57092969-76a2-49bc-9b25-74dd01ca648e,2017-10-20T21:47:00,,
2017-10-20T17:46:55.000-04:00,subscriberid not found,simserial not found,enketo.sanipath.org:tqAq2BpxcPSi0bLd,2017-10-20T17:48:29.000-04:00,3,1178,1178,2017-04-20T17:30:00.000-04:00,2017-04-20T17:30:00.000-04:00,2017-04-21T17:30:00.000-04:00,1,n/a,n/a,n/a,7,100,n/a,n/a,2,49,48,7,10,n/a,n/a,2,49,48,0,n/a,n/a,n/a,n/a,n/a,n/a,n/a,The two dilutions are TNTC* status,AH/SD,0,vYbph753FndrnXyBy6LDvN,uuid:cf1e5da7-13df-4db1-a0ba-531464506c76,cf1e5da7-13df-4db1-a0ba-531464506c76,2017-10-20T21:48:35,,
2017-10-20T17:48:30.000-04:00,subscriberid not found,simserial not found,enketo.sanipath.org:tqAq2BpxcPSi0bLd,2017-10-20T17:49:34.000-04:00,9,1179,1179,2017-04-20T14:30:00.000-04:00,2017-04-20T17:30:00.000-04:00,2017-04-21T17:30:00.000-04:00,1,n/a,n/a,n/a,7,100,n/a,n/a,2,1,0,7,10,n/a,n/a,2,0,0,0,n/a,n/a,n/a,n/a,n/a,n/a,n/a,n/a,AH/SD,0,vYbph753FndrnXyBy6LDvN,uuid:3bdc01ec-ecdb-4e94-aea3-ddd2389b3133,3bdc01ec-ecdb-4e94-aea3-ddd2389b3133,2017-10-20T21:49:39,,
2017-10-20T17:49:34.000-04:00,subscriberid not found,simserial not found,enketo.sanipath.org:tqAq2BpxcPSi0bLd,2017-10-20T17:50:38.000-04:00,9,1180,1180,2017-04-20T14:30:00.000-04:00,2017-04-20T17:30:00.000-04:00,2017-04-21T17:30:00.000-04:00,1,n/a,n/a,n/a,7,100,n/a,n/a,2,49,47,7,10,n/a,n/a,2,49,19,0,n/a,n/a,n/a,n/a,n/a,n/a,n/a,n/a,AH/SD,0,vYbph753FndrnXyBy6LDvN,uuid:d38e05b5-4e23-41e7-a2a2-6f94d0221159,d38e05b5-4e23-41e7-a2a2-6f94d0221159,2017-10-20T21:50:44,,
2017-10-20T17:50:38.000-04:00,subscriberid not found,simserial not found,enketo.sanipath.org:tqAq2BpxcPSi0bLd,2017-10-20T17:52:35.000-04:00,7,1181,1181,2017-04-23T15:40:00.000-04:00,2017-04-23T17:30:00.000-04:00,2017-04-24T17:30:00.000-04:00,1,n/a,n/a,n/a,7,10,n/a,n/a,2,13,1,6,1,n/a,n/a,2,0,0,0,n/a,n/a,n/a,n/a,n/a,n/a,n/a,n/a,AH/SD,0,vYbph753FndrnXyBy6LDvN,uuid:73ffadf9-df3f-4e6a-8927-92d81b591082,73ffadf9-df3f-4e6a-8927-92d81b591082,2017-10-20T21:52:41,,
2017-10-20T17:52:35.000-04:00,subscriberid not found,simserial not found,enketo.sanipath.org:tqAq2BpxcPSi0bLd,2017-10-20T17:53:52.000-04:00,7,1182,1182,2017-04-23T15:40:00.000-04:00,2017-04-23T17:30:00.000-04:00,2017-04-24T17:30:00.000-04:00,1,n/a,n/a,n/a,7,10,n/a,n/a,2,0,0,6,1,n/a,n/a,2,0,0,0,n/a,n/a,n/a,n/a,n/a,n/a,n/a,n/a,AH/SD,0,vYbph753FndrnXyBy6LDvN,uuid:fccdae1c-21fd-4b45-9f7e-87717ef3ed58,fccdae1c-21fd-4b45-9f7e-87717ef3ed58,2017-10-20T21:53:57,,
2017-10-20T17:53:52.000-04:00,subscriberid not found,simserial not found,enketo.sanipath.org:tqAq2BpxcPSi0bLd,2017-10-20T17:58:07.000-04:00,1,1185,1185,2017-04-23T16:00:00.000-04:00,2017-04-23T17:30:00.000-04:00,2017-04-24T17:30:00.000-04:00,1,n/a,n/a,n/a,4,1,n/a,n/a,2,49,28,3,1,n/a,n/a,2,40,4,0,n/a,n/a,n/a,n/a,n/a,n/a,n/a,n/a,AH/SD,0,vYbph753FndrnXyBy6LDvN,uuid:67180fd6-7c63-448c-813e-54425fabe4c1,67180fd6-7c63-448c-813e-54425fabe4c1,2017-10-20T21:58:12,,
2017-10-20T17:58:07.000-04:00,subscriberid not found,simserial not found,enketo.sanipath.org:tqAq2BpxcPSi0bLd,2017-10-20T17:59:29.000-04:00,1,1186,1186,2017-04-23T16:00:00.000-04:00,2017-04-23T17:30:00.000-04:00,2017-04-24T17:30:00.000-04:00,1,n/a,n/a,n/a,4,1,n/a,n/a,2,49,21,3,1,n/a,n/a,2,24,4,0,n/a,n/a,n/a,n/a,n/a,n/a,n/a,n/a,AH/SD,0,vYbph753FndrnXyBy6LDvN,uuid:ad174031-71a7-4ad4-a7d6-238793ec18cb,ad174031-71a7-4ad4-a7d6-238793ec18cb,2017-10-20T21:59:35,,
2017-10-20T17:59:29.000-04:00,subscriberid not found,simserial not found,enketo.sanipath.org:tqAq2BpxcPSi0bLd,2017-10-20T18:00:38.000-04:00,9,1187,1187,2017-04-23T15:20:00.000-04:00,2017-04-23T17:30:00.000-04:00,2017-04-24T17:30:00.000-04:00,1,n/a,n/a,n/a,7,100,n/a,n/a,2,49,47,7,10,n/a,n/a,2,49,16,0,n/a,n/a,n/a,n/a,n/a,n/a,n/a,n/a,AH/SD,0,vYbph753FndrnXyBy6LDvN,uuid:d02c62d1-8033-4de7-a169-0309742d899a,d02c62d1-8033-4de7-a169-0309742d899a,2017-10-20T22:00:44,,
2017-10-20T18:00:39.000-04:00,subscriberid not found,simserial not found,enketo.sanipath.org:tqAq2BpxcPSi0bLd,2017-10-20T18:02:42.000-04:00,3,1188,1188,2017-04-23T15:20:00.000-04:00,2017-04-23T17:30:00.000-04:00,2017-04-24T17:30:00.000-04:00,1,n/a,n/a,n/a,7,100,n/a,n/a,2,49,48,7,1,n/a,n/a,2,49,29,0,n/a,n/a,n/a,n/a,n/a,n/a,n/a,First dilution is TNTC* status.,AH/SD,0,vYbph753FndrnXyBy6LDvN,uuid:1a6dc762-57e0-46ff-ba66-13157e198e82,1a6dc762-57e0-46ff-ba66-13157e198e82,2017-10-20T22:02:48,,
2017-10-20T18:02:42.000-04:00,subscriberid not found,simserial not found,enketo.sanipath.org:tqAq2BpxcPSi0bLd,2017-10-20T18:03:46.000-04:00,9,1189,1189,2017-04-23T15:20:00.000-04:00,2017-04-23T17:30:00.000-04:00,2017-04-24T17:30:00.000-04:00,1,n/a,n/a,n/a,7,100,n/a,n/a,2,49,48,7,10,n/a,n/a,2,49,28,0,n/a,n/a,n/a,n/a,n/a,n/a,n/a,n/a,AH/SD,0,vYbph753FndrnXyBy6LDvN,uuid:1a9a091d-0835-4f6c-a26d-6e4fbaeecdc6,1a9a091d-0835-4f6c-a26d-6e4fbaeecdc6,2017-10-20T22:03:52,,
2017-10-20T18:03:46.000-04:00,subscriberid not found,simserial not found,enketo.sanipath.org:tqAq2BpxcPSi0bLd,2017-10-20T18:06:42.000-04:00,3,1190,1190,2017-04-23T14:40:00.000-04:00,2017-04-23T17:30:00.000-04:00,2017-04-24T17:30:00.000-04:00,1,n/a,n/a,n/a,7,100,n/a,n/a,2,49,48,7,10,n/a,n/a,2,49,28,0,n/a,n/a,n/a,n/a,n/a,n/a,n/a,First dilution is TNTC* status,AH/SD,0,vYbph753FndrnXyBy6LDvN,uuid:c328481e-3ebf-47ab-b584-d88bdc4f5a2a,c328481e-3ebf-47ab-b584-d88bdc4f5a2a,2017-10-20T22:06:47,,
2017-10-20T18:06:42.000-04:00,subscriberid not found,simserial not found,enketo.sanipath.org:tqAq2BpxcPSi0bLd,2017-10-20T18:07:53.000-04:00,3,1191,1191,2017-04-23T14:40:00.000-04:00,2017-04-23T17:30:00.000-04:00,2017-04-24T17:30:00.000-04:00,1,n/a,n/a,n/a,7,100,n/a,n/a,2,49,48,7,10,n/a,n/a,2,49,23,0,n/a,n/a,n/a,n/a,n/a,n/a,n/a,First dilution isTNTC* status,AH/SD,0,vYbph753FndrnXyBy6LDvN,uuid:0930b735-f72d-40ef-bb9e-50a2bd7cdec9,0930b735-f72d-40ef-bb9e-50a2bd7cdec9,2017-10-20T22:07:56,,
2017-10-20T18:07:54.000-04:00,subscriberid not found,simserial not found,enketo.sanipath.org:tqAq2BpxcPSi0bLd,2017-10-20T18:13:36.000-04:00,10,1192,1192,2017-04-23T15:10:00.000-04:00,2017-04-23T17:30:00.000-04:00,2017-04-24T17:30:00.000-04:00,1,n/a,285.4,n/a,7,10,n/a,n/a,2,49,19,7,1,n/a,n/a,2,16,4,1,6,1,n/a,n/a,2,2,0,n/a,AH/SD,0,vYbph753FndrnXyBy6LDvN,uuid:d3f17198-4631-4b1f-a614-33f6b5eee5f4,d3f17198-4631-4b1f-a614-33f6b5eee5f4,2017-10-20T22:13:42,,
2017-10-24T10:48:35.000-04:00,subscriberid not found,simserial not found,enketo.sanipath.org:dyQQk1dqzCjRGXb4,2017-10-24T10:52:03.000-04:00,9,1112,1112,2017-04-17T15:20:00.000-04:00,2017-04-17T18:30:00.000-04:00,2017-04-18T18:30:00.000-04:00,1,n/a,n/a,n/a,7,100,n/a,n/a,2,49,48,7,10,n/a,n/a,2,49,28,0,n/a,n/a,n/a,n/a,n/a,n/a,n/a,n/a,AH & SD,0,vYbph753FndrnXyBy6LDvN,uuid:29071fb9-c253-4672-b98b-609df90e9aa0,29071fb9-c253-4672-b98b-609df90e9aa0,2017-10-24T14:52:09,,
